timestamp_sec,state,marker_found,marker_id,horizontal_error,distance_m,front_obstacle_m,linear_x,angular_z,stop_reason
943.800,STOP,False,,,,,0.000000,0.000000,image_timeout
943.800,STOP,False,,,,,0.000000,0.000000,image_timeout
943.900,TRACK,True,0,0.406250,1.446489,,0.000000,-0.568750,none
944.000,TRACK,True,0,0.382812,1.435357,,0.000000,-0.535937,none
944.100,TRACK,True,0,0.276562,1.474553,,0.000000,-0.387187,none
944.200,TRACK,True,0,0.223438,1.484418,,0.000000,-0.312812,none
944.300,TRACK,True,0,0.162500,1.486949,,0.000000,-0.227500,none
944.400,TRACK,True,0,0.101562,1.487187,,0.160000,-0.142187,none
944.500,TRACK,True,0,0.059375,1.475485,,0.160000,-0.083125,none
944.600,TRACK,True,0,0.032031,1.461803,,0.160000,-0.044844,none
944.700,TRACK,True,0,0.020313,1.448800,,0.160000,-0.028437,none
944.800,TRACK,True,0,0.012500,1.423010,,0.160000,-0.017500,none
944.900,TRACK,True,0,0.009375,1.409656,,0.160000,-0.013125,none
945.000,TRACK,True,0,0.007031,1.397366,,0.160000,-0.009844,none
945.100,TRACK,True,0,0.003906,1.382641,,0.160000,-0.005469,none
945.200,TRACK,True,0,0.003125,1.361641,,0.160000,-0.004375,none
945.300,TRACK,True,0,0.002344,1.350046,,0.160000,-0.003281,none
945.400,TRACK,True,0,0.001563,1.338838,,0.160000,-0.002187,none
945.500,TRACK,True,0,0.001563,1.323327,,0.160000,-0.002187,none
945.600,TRACK,True,0,0.001563,1.303983,,0.160000,-0.002187,none
945.700,TRACK,True,0,0.000000,1.295031,,0.160000,-0.000000,none
945.800,TRACK,True,0,0.000781,1.284654,,0.160000,-0.001094,none
945.900,TRACK,True,0,0.000000,1.260717,,0.160000,-0.000000,none
946.000,TRACK,True,0,0.000000,1.235513,,0.160000,-0.000000,none
946.100,TRACK,True,0,0.000781,1.217046,,0.160000,-0.001094,none
946.200,TRACK,True,0,0.000000,1.198274,,0.160000,-0.000000,none
946.300,TRACK,True,0,-0.000781,1.194606,,0.160000,0.001094,none
946.400,TRACK,True,0,-0.000781,1.172018,,0.160000,0.001094,none
946.500,TRACK,True,0,0.000000,1.151640,,0.160000,-0.000000,none
946.600,TRACK,True,0,0.000781,1.138583,,0.160000,-0.001094,none
946.700,TRACK,True,0,0.000781,1.129077,,0.160000,-0.001094,none
946.800,TRACK,True,0,0.000781,1.107101,,0.160000,-0.001094,none
946.900,TRACK,True,0,0.000000,1.092376,,0.160000,-0.000000,none
947.000,TRACK,True,0,0.000000,1.075898,,0.160000,-0.000000,none
947.100,TRACK,True,0,-0.000781,1.068594,,0.160000,0.001094,none
947.200,TRACK,True,0,-0.001563,1.034766,,0.160000,0.002187,none
947.300,TRACK,True,0,-0.000781,1.015179,,0.160000,0.001094,none
947.400,TRACK,False,,,,,0.160000,-0.000000,none
947.500,TRACK,True,0,0.000000,0.988389,,0.160000,-0.000000,none
947.600,TRACK,True,0,0.000781,0.975999,,0.160000,-0.001094,none
947.700,TRACK,True,0,0.000000,0.960464,,0.160000,-0.000000,none
947.800,TRACK,True,0,0.000000,0.938012,,0.160000,-0.000000,none
947.900,TRACK,True,0,-0.000781,0.928489,,0.160000,0.001094,none
948.000,TRACK,True,0,0.000000,0.910515,,0.160000,-0.000000,none
948.100,TRACK,True,0,0.000000,0.899594,,0.160000,-0.000000,none
948.200,TRACK,True,0,0.000000,0.879874,,0.160000,-0.000000,none
948.300,TRACK,True,0,0.000000,0.869051,,0.160000,-0.000000,none
948.400,TRACK,False,,,,,0.160000,-0.000000,none
948.500,TRACK,True,0,-0.000781,0.826767,,0.160000,0.001094,none
948.600,TRACK,True,0,0.000000,0.809010,,0.160000,-0.000000,none
948.700,TRACK,True,0,0.001563,0.802912,,0.158519,-0.002187,none
948.800,TRACK,True,0,0.000000,0.777619,,0.149667,-0.000000,none
948.900,TRACK,False,,,,,0.147276,-0.000000,none
949.000,TRACK,True,0,-0.001563,0.753352,,0.141173,0.002187,none
949.100,TRACK,False,,,,,0.135130,0.001094,none
949.200,TRACK,False,,,,,0.131980,-0.000000,none
949.300,TRACK,True,0,0.000000,0.711542,,0.126540,-0.000000,none
949.400,TRACK,True,0,0.000000,0.699165,,0.122208,-0.000000,none
949.500,TRACK,False,,,,,0.115851,0.001094,none
949.600,TRACK,False,,,,,0.113651,-0.000000,none
949.700,TRACK,True,0,0.000000,0.657299,,0.107555,-0.000000,none
949.800,TRACK,True,0,0.000000,0.645543,,0.103440,-0.000000,none
949.900,TRACK,False,,,,,0.102026,-0.001094,none
950.000,TRACK,True,0,-0.000781,0.623680,,0.095788,0.001094,none
950.100,TRACK,False,,,,,0.094991,0.001094,none
950.200,TRACK,False,,,,,0.091766,0.001094,none
950.300,TRACK,False,,,,,0.088463,-0.000000,none
950.400,TRACK,True,0,0.000000,0.589976,,0.083992,-0.000000,none
950.500,TRACK,False,,,,,0.082935,-0.001094,none
950.600,TRACK,True,0,-0.000781,0.572915,,0.078020,0.001094,none
950.700,TRACK,True,0,0.000000,0.562872,,0.074505,-0.000000,none
950.800,TRACK,True,0,0.000000,0.555158,,0.071805,-0.000000,none
950.900,TRACK,True,0,0.000000,0.547656,,0.069180,-0.000000,none
951.000,TRACK,True,0,-0.000781,0.538333,,0.065917,0.001094,none
951.100,TRACK,True,0,-0.001563,0.533919,,0.064372,0.002187,none
951.200,TRACK,True,0,0.000000,0.528394,,0.062438,-0.000000,none
951.300,TRACK,True,0,0.000000,0.521616,,0.060065,-0.000000,none
951.400,TRACK,False,,,,,0.058658,-0.000000,none
951.500,TRACK,True,0,0.000000,0.511082,,0.056379,-0.000000,none
951.600,TRACK,True,0,0.000000,0.500410,,0.052643,-0.000000,none
951.700,TRACK,True,0,0.000000,0.499141,,0.052199,-0.000000,none
951.800,TRACK,True,0,0.000000,0.490709,,0.049248,-0.000000,none
951.900,TRACK,True,0,0.000000,0.486937,,0.047928,-0.000000,none
952.000,TRACK,True,0,-0.000781,0.482279,,0.046298,0.001094,none
952.100,TRACK,True,0,0.000000,0.478602,,0.045011,-0.000000,none
952.200,TRACK,True,0,-0.000781,0.472827,,0.042990,0.001094,none
952.300,TRACK,True,0,-0.000781,0.469885,,0.041960,0.001094,none
952.400,TRACK,True,0,0.000000,0.463978,,0.039892,-0.000000,none
952.500,TRACK,True,0,0.000000,0.461251,,0.038938,-0.000000,none
952.600,TRACK,False,,,,,0.037264,-0.000000,none
952.700,TRACK,True,0,0.000000,0.451033,,0.035362,-0.000000,none
952.800,TRACK,True,0,0.000781,0.449394,,0.034788,-0.001094,none
952.900,TRACK,True,0,-0.001563,0.443410,,0.032693,0.002187,none
953.000,TRACK,True,0,-0.000781,0.441482,,0.032019,0.001094,none
953.100,TRACK,True,0,-0.000781,0.438070,,0.030824,0.001094,none
953.200,TRACK,False,,,,,0.030390,-0.000000,none
953.300,TRACK,False,,,,,0.029357,-0.000000,none
953.400,TRACK,True,0,-0.000781,0.428840,,0.027594,0.001094,none
953.500,TRACK,True,0,0.000781,0.427136,,0.026998,-0.001094,none
953.600,TRACK,True,0,-0.000781,0.424605,,0.026112,0.001094,none
953.700,TRACK,True,0,-0.000781,0.421577,,0.025052,0.001094,none
953.800,TRACK,True,0,-0.000781,0.418778,,0.024072,0.001094,none
953.900,TRACK,True,0,0.000000,0.416458,,0.023260,-0.000000,none
954.000,TRACK,False,,,,,0.022641,-0.000000,none
954.100,TRACK,True,0,0.000000,0.411959,,0.021686,-0.000000,none
954.200,TRACK,True,0,0.000000,0.409476,,0.020817,-0.000000,none
954.300,TRACK,True,0,0.000000,0.406220,,0.019677,-0.000000,none
954.400,TRACK,True,0,0.000000,0.405413,,0.019394,-0.000000,none
954.500,TRACK,True,0,0.000000,0.404104,,0.018937,-0.000000,none
954.600,TRACK,True,0,0.000000,0.400343,,0.017620,-0.000000,none
954.700,TRACK,False,,,,,0.017427,0.001094,none
954.800,TRACK,False,,,,,0.016465,0.001094,none
954.900,TRACK,False,,,,,0.016392,-0.000000,none
955.000,TRACK,True,0,0.000781,0.394001,,0.015400,-0.001094,none
955.100,TRACK,False,,,,,0.014562,-0.000000,none
955.200,TRACK,True,0,0.000781,0.390261,,0.014091,-0.001094,none
955.300,TRACK,False,,,,,0.013826,0.001094,none
955.400,TRACK,True,0,0.000000,0.387694,,0.013193,-0.000000,none
955.500,TRACK,False,,,,,0.013193,-0.000000,none
955.600,TRACK,True,0,-0.000781,0.386177,,0.012662,0.001094,none
955.700,TRACK,True,0,0.000000,0.384069,,0.011924,-0.000000,none
955.800,TRACK,False,,,,,0.011924,-0.000000,none
955.900,TRACK,True,0,-0.000781,0.382571,,0.011400,0.001094,none
956.000,STOP,False,,,,,0.000000,0.000000,reached
956.100,STOP,True,0,-0.007031,0.372227,,0.000000,0.000000,reached
956.200,STOP,True,0,-0.025000,0.366602,,0.000000,0.000000,reached
956.300,STOP,True,0,-0.028125,0.365951,,0.000000,0.000000,reached
956.400,STOP,True,0,-0.028125,0.366632,,0.000000,0.000000,reached
956.500,STOP,True,0,-0.028125,0.365875,,0.000000,0.000000,reached
956.600,STOP,True,0,-0.028125,0.365790,,0.000000,0.000000,reached
956.700,STOP,True,0,-0.028125,0.365923,,0.000000,0.000000,reached
956.800,STOP,True,0,-0.028125,0.366782,,0.000000,0.000000,reached
956.900,STOP,True,0,-0.028125,0.365923,,0.000000,0.000000,reached
957.000,STOP,True,0,-0.028125,0.365923,,0.000000,0.000000,reached
957.100,STOP,True,0,-0.028125,0.366782,,0.000000,0.000000,reached
957.200,STOP,True,0,-0.028125,0.366782,,0.000000,0.000000,reached
957.300,STOP,True,0,-0.028125,0.365923,,0.000000,0.000000,reached
957.400,STOP,True,0,-0.028125,0.365923,,0.000000,0.000000,reached
957.500,STOP,True,0,-0.028125,0.365923,,0.000000,0.000000,reached
957.600,STOP,True,0,-0.028125,0.365923,,0.000000,0.000000,reached
957.700,STOP,True,0,-0.028125,0.365923,,0.000000,0.000000,reached
957.800,STOP,True,0,-0.028125,0.365923,,0.000000,0.000000,reached
957.900,STOP,True,0,-0.028125,0.366782,,0.000000,0.000000,reached
958.000,STOP,True,0,-0.028125,0.365923,,0.000000,0.000000,reached
958.100,STOP,True,0,-0.028125,0.365923,,0.000000,0.000000,reached
958.200,STOP,True,0,-0.028125,0.366782,,0.000000,0.000000,reached
958.300,STOP,True,0,-0.028125,0.366782,,0.000000,0.000000,reached
958.400,STOP,True,0,-0.028125,0.365923,,0.000000,0.000000,reached
958.500,STOP,True,0,-0.028125,0.365790,,0.000000,0.000000,reached
958.600,STOP,True,0,-0.028125,0.366782,,0.000000,0.000000,reached
958.700,STOP,True,0,-0.028125,0.366782,,0.000000,0.000000,reached
958.800,STOP,True,0,-0.028125,0.365923,,0.000000,0.000000,reached
958.900,STOP,True,0,-0.028125,0.365923,,0.000000,0.000000,reached
959.000,STOP,True,0,-0.028125,0.365875,,0.000000,0.000000,reached
959.100,STOP,True,0,-0.028125,0.365758,,0.000000,0.000000,reached
959.200,STOP,True,0,-0.028125,0.365923,,0.000000,0.000000,reached
959.300,STOP,True,0,-0.028125,0.366782,,0.000000,0.000000,reached
959.400,STOP,True,0,-0.028125,0.366782,,0.000000,0.000000,reached
959.500,STOP,True,0,-0.028125,0.365923,,0.000000,0.000000,reached
959.600,STOP,True,0,-0.028125,0.366782,,0.000000,0.000000,reached
959.700,STOP,True,0,-0.028125,0.366782,,0.000000,0.000000,reached
959.800,STOP,True,0,-0.028125,0.365758,,0.000000,0.000000,reached
959.900,STOP,True,0,-0.028125,0.365923,,0.000000,0.000000,reached
960.000,STOP,True,0,-0.028125,0.366782,,0.000000,0.000000,reached
960.100,STOP,True,0,-0.028125,0.366782,,0.000000,0.000000,reached
960.200,STOP,True,0,-0.028125,0.366782,,0.000000,0.000000,reached
960.300,STOP,True,0,-0.028125,0.366782,,0.000000,0.000000,reached
960.400,STOP,True,0,-0.028125,0.365923,,0.000000,0.000000,reached
960.500,STOP,True,0,-0.028125,0.366782,,0.000000,0.000000,reached
960.600,STOP,True,0,-0.028125,0.366782,,0.000000,0.000000,reached
960.700,STOP,True,0,-0.028125,0.365923,,0.000000,0.000000,reached
960.800,STOP,True,0,-0.028125,0.366782,,0.000000,0.000000,reached
960.900,STOP,True,0,-0.028125,0.366782,,0.000000,0.000000,reached
961.000,STOP,True,0,-0.028125,0.366782,,0.000000,0.000000,reached
961.100,STOP,True,0,-0.028125,0.366782,,0.000000,0.000000,reached
961.200,STOP,True,0,-0.028125,0.366782,,0.000000,0.000000,reached
961.300,STOP,True,0,-0.028125,0.366782,,0.000000,0.000000,reached
961.400,STOP,True,0,-0.028125,0.365923,,0.000000,0.000000,reached
961.500,STOP,True,0,-0.028125,0.365923,,0.000000,0.000000,reached
961.600,STOP,True,0,-0.028125,0.366782,,0.000000,0.000000,reached
961.700,STOP,True,0,-0.028125,0.366782,,0.000000,0.000000,reached
961.800,STOP,True,0,-0.028125,0.365923,,0.000000,0.000000,reached
961.900,STOP,True,0,-0.028125,0.366782,,0.000000,0.000000,reached
962.000,STOP,True,0,-0.028125,0.366782,,0.000000,0.000000,reached
962.100,STOP,True,0,-0.028125,0.366782,,0.000000,0.000000,reached
962.200,STOP,True,0,-0.028125,0.366782,,0.000000,0.000000,reached
962.300,STOP,True,0,-0.028125,0.366782,,0.000000,0.000000,reached
962.400,STOP,True,0,-0.028125,0.366782,,0.000000,0.000000,reached
962.500,STOP,True,0,-0.028125,0.365923,,0.000000,0.000000,reached
962.600,STOP,True,0,-0.028125,0.365923,,0.000000,0.000000,reached
962.700,STOP,True,0,-0.028125,0.366782,,0.000000,0.000000,reached
962.800,STOP,True,0,-0.028125,0.366782,,0.000000,0.000000,reached
962.900,STOP,True,0,-0.028125,0.366782,,0.000000,0.000000,reached
963.000,STOP,True,0,-0.028125,0.366782,,0.000000,0.000000,reached
963.100,STOP,True,0,-0.028125,0.366632,,0.000000,0.000000,reached
963.200,STOP,True,0,-0.028125,0.366782,,0.000000,0.000000,reached
963.300,STOP,True,0,-0.028125,0.366782,,0.000000,0.000000,reached
963.400,STOP,True,0,-0.028125,0.366782,,0.000000,0.000000,reached
963.500,STOP,True,0,-0.028125,0.366782,,0.000000,0.000000,reached
963.600,STOP,True,0,-0.028125,0.366782,,0.000000,0.000000,reached
963.700,STOP,True,0,-0.028125,0.365923,,0.000000,0.000000,reached
963.800,STOP,True,0,-0.028125,0.366782,,0.000000,0.000000,reached
963.900,STOP,True,0,-0.028125,0.366782,,0.000000,0.000000,reached
964.000,STOP,True,0,-0.028125,0.366782,,0.000000,0.000000,reached
964.100,STOP,True,0,-0.028125,0.366782,,0.000000,0.000000,reached
964.200,STOP,True,0,-0.028125,0.366782,,0.000000,0.000000,reached
964.300,STOP,True,0,-0.028125,0.366782,,0.000000,0.000000,reached
964.400,STOP,True,0,-0.028125,0.366782,,0.000000,0.000000,reached
964.500,STOP,True,0,-0.028125,0.366782,,0.000000,0.000000,reached
964.600,STOP,True,0,-0.028125,0.366782,,0.000000,0.000000,reached
964.700,STOP,True,0,-0.028125,0.366782,,0.000000,0.000000,reached
964.800,STOP,True,0,-0.028125,0.366782,,0.000000,0.000000,reached
964.900,STOP,True,0,-0.028125,0.366782,,0.000000,0.000000,reached
965.000,STOP,True,0,-0.028125,0.366782,,0.000000,0.000000,reached
965.100,STOP,True,0,-0.028125,0.366782,,0.000000,0.000000,reached
965.200,STOP,True,0,-0.028125,0.366782,,0.000000,0.000000,reached
965.300,STOP,True,0,-0.028125,0.366782,,0.000000,0.000000,reached
965.400,STOP,True,0,-0.028125,0.366782,,0.000000,0.000000,reached
965.500,STOP,True,0,-0.028125,0.366782,,0.000000,0.000000,reached
965.600,STOP,True,0,-0.028125,0.366782,,0.000000,0.000000,reached
965.700,STOP,True,0,-0.028125,0.366782,,0.000000,0.000000,reached
965.800,STOP,True,0,-0.028125,0.366782,,0.000000,0.000000,reached
965.900,STOP,True,0,-0.028125,0.366782,,0.000000,0.000000,reached
966.000,STOP,True,0,-0.028125,0.366782,,0.000000,0.000000,reached
966.100,STOP,True,0,-0.028125,0.366782,,0.000000,0.000000,reached
966.200,STOP,True,0,-0.028125,0.366782,,0.000000,0.000000,reached
966.300,STOP,True,0,-0.028125,0.366782,,0.000000,0.000000,reached
966.400,STOP,True,0,-0.028125,0.366782,,0.000000,0.000000,reached
966.500,STOP,True,0,-0.028125,0.366782,,0.000000,0.000000,reached
966.600,STOP,True,0,-0.028125,0.366782,,0.000000,0.000000,reached
966.700,STOP,True,0,-0.028125,0.366782,,0.000000,0.000000,reached
966.800,STOP,True,0,-0.028125,0.366782,,0.000000,0.000000,reached
966.900,STOP,True,0,-0.028125,0.366782,,0.000000,0.000000,reached
967.000,STOP,True,0,-0.028125,0.366782,,0.000000,0.000000,reached
967.100,STOP,True,0,-0.028125,0.366782,,0.000000,0.000000,reached
967.200,STOP,True,0,-0.028125,0.366782,,0.000000,0.000000,reached
967.300,STOP,True,0,-0.028125,0.366632,,0.000000,0.000000,reached
967.400,STOP,True,0,-0.028125,0.366782,,0.000000,0.000000,reached
967.500,STOP,True,0,-0.028125,0.366782,,0.000000,0.000000,reached
967.600,STOP,True,0,-0.028125,0.366782,,0.000000,0.000000,reached
967.700,STOP,True,0,-0.028125,0.366782,,0.000000,0.000000,reached
967.800,STOP,True,0,-0.028125,0.366782,,0.000000,0.000000,reached
967.900,STOP,True,0,-0.028125,0.366782,,0.000000,0.000000,reached
968.000,STOP,True,0,-0.028125,0.366782,,0.000000,0.000000,reached
968.100,STOP,True,0,-0.028125,0.366782,,0.000000,0.000000,reached
968.200,STOP,True,0,-0.028125,0.366782,,0.000000,0.000000,reached
968.300,STOP,True,0,-0.028125,0.366782,,0.000000,0.000000,reached
968.400,STOP,True,0,-0.028125,0.365923,,0.000000,0.000000,reached
968.500,STOP,True,0,-0.028125,0.366782,,0.000000,0.000000,reached
968.600,STOP,True,0,-0.028125,0.366782,,0.000000,0.000000,reached
968.700,STOP,True,0,-0.028125,0.366782,,0.000000,0.000000,reached
968.800,STOP,True,0,-0.028125,0.366782,,0.000000,0.000000,reached
968.900,STOP,True,0,-0.028125,0.366782,,0.000000,0.000000,reached
969.000,STOP,True,0,-0.028125,0.366782,,0.000000,0.000000,reached
969.100,STOP,True,0,-0.028125,0.366782,,0.000000,0.000000,reached
969.200,STOP,True,0,-0.028125,0.366782,,0.000000,0.000000,reached
969.300,STOP,True,0,-0.028125,0.366782,,0.000000,0.000000,reached
969.400,STOP,True,0,-0.028125,0.366782,,0.000000,0.000000,reached
969.500,STOP,True,0,-0.028125,0.366782,,0.000000,0.000000,reached
969.600,STOP,True,0,-0.028125,0.366782,,0.000000,0.000000,reached
969.700,STOP,True,0,-0.028125,0.366782,,0.000000,0.000000,reached
969.800,STOP,True,0,-0.028125,0.366782,,0.000000,0.000000,reached
969.900,STOP,True,0,-0.028125,0.366782,,0.000000,0.000000,reached
970.000,STOP,True,0,-0.028125,0.366782,,0.000000,0.000000,reached
970.100,STOP,True,0,-0.028125,0.366782,,0.000000,0.000000,reached
970.200,STOP,True,0,-0.028125,0.366782,,0.000000,0.000000,reached
970.300,STOP,True,0,-0.028125,0.366782,,0.000000,0.000000,reached
970.400,STOP,True,0,-0.028125,0.366782,,0.000000,0.000000,reached
970.500,STOP,True,0,-0.028125,0.366782,,0.000000,0.000000,reached
970.600,STOP,True,0,-0.028125,0.366782,,0.000000,0.000000,reached
970.700,STOP,True,0,-0.028125,0.366782,,0.000000,0.000000,reached
970.800,STOP,True,0,-0.028125,0.366782,,0.000000,0.000000,reached
970.900,STOP,True,0,-0.028125,0.366782,,0.000000,0.000000,reached
971.000,STOP,True,0,-0.028125,0.366782,,0.000000,0.000000,reached
971.100,STOP,True,0,-0.028125,0.366782,,0.000000,0.000000,reached
971.200,STOP,True,0,-0.028125,0.366782,,0.000000,0.000000,reached
971.300,STOP,True,0,-0.028125,0.366782,,0.000000,0.000000,reached
971.400,STOP,True,0,-0.028125,0.366782,,0.000000,0.000000,reached
971.500,STOP,True,0,-0.028125,0.366782,,0.000000,0.000000,reached
971.600,STOP,True,0,-0.028125,0.366782,,0.000000,0.000000,reached
971.700,STOP,True,0,-0.028125,0.366782,,0.000000,0.000000,reached
971.800,STOP,True,0,-0.028125,0.366782,,0.000000,0.000000,reached
971.900,STOP,True,0,-0.028125,0.366782,,0.000000,0.000000,reached
972.000,STOP,True,0,-0.028125,0.366782,,0.000000,0.000000,reached
972.100,STOP,True,0,-0.028125,0.366782,,0.000000,0.000000,reached
972.200,STOP,True,0,-0.028125,0.365923,,0.000000,0.000000,reached
972.300,STOP,True,0,-0.028125,0.366632,,0.000000,0.000000,reached
972.400,STOP,True,0,-0.028125,0.366782,,0.000000,0.000000,reached
972.500,STOP,True,0,-0.028125,0.366782,,0.000000,0.000000,reached
972.600,STOP,True,0,-0.028125,0.366782,,0.000000,0.000000,reached
972.700,STOP,True,0,-0.028125,0.366782,,0.000000,0.000000,reached
972.800,STOP,True,0,-0.028125,0.366782,,0.000000,0.000000,reached
972.900,STOP,True,0,-0.028125,0.366782,,0.000000,0.000000,reached
973.000,STOP,True,0,-0.028125,0.366782,,0.000000,0.000000,reached
973.100,STOP,True,0,-0.028125,0.366782,,0.000000,0.000000,reached
973.200,STOP,True,0,-0.028125,0.366782,,0.000000,0.000000,reached
973.300,STOP,True,0,-0.028125,0.366782,,0.000000,0.000000,reached
973.400,STOP,True,0,-0.028125,0.366782,,0.000000,0.000000,reached
973.500,STOP,True,0,-0.028125,0.366782,,0.000000,0.000000,reached
973.600,STOP,True,0,-0.028125,0.366782,,0.000000,0.000000,reached
973.700,STOP,True,0,-0.028125,0.366782,,0.000000,0.000000,reached
973.800,STOP,True,0,-0.028125,0.366782,,0.000000,0.000000,reached
973.900,STOP,True,0,-0.028125,0.366782,,0.000000,0.000000,reached
974.000,STOP,True,0,-0.028125,0.366782,,0.000000,0.000000,reached
974.100,STOP,True,0,-0.028125,0.366782,,0.000000,0.000000,reached
974.200,STOP,True,0,-0.028125,0.366782,,0.000000,0.000000,reached
974.300,STOP,True,0,-0.028125,0.366782,,0.000000,0.000000,reached
974.400,STOP,True,0,-0.028125,0.366782,,0.000000,0.000000,reached
974.500,STOP,True,0,-0.028125,0.366782,,0.000000,0.000000,reached
974.600,STOP,True,0,-0.028125,0.366782,,0.000000,0.000000,reached
974.700,STOP,True,0,-0.028125,0.366782,,0.000000,0.000000,reached
974.800,STOP,True,0,-0.028125,0.366782,,0.000000,0.000000,reached
974.900,STOP,True,0,-0.028125,0.366782,,0.000000,0.000000,reached
975.000,STOP,True,0,-0.028125,0.366782,,0.000000,0.000000,reached
975.100,STOP,True,0,-0.028125,0.366782,,0.000000,0.000000,reached
975.200,STOP,True,0,-0.028125,0.366782,,0.000000,0.000000,reached
975.300,STOP,True,0,-0.028125,0.366782,,0.000000,0.000000,reached
975.400,STOP,True,0,-0.028125,0.366782,,0.000000,0.000000,reached
975.500,STOP,True,0,-0.028125,0.366782,,0.000000,0.000000,reached
975.600,STOP,True,0,-0.028125,0.366782,,0.000000,0.000000,reached
975.700,STOP,True,0,-0.028125,0.366782,,0.000000,0.000000,reached
975.800,STOP,True,0,-0.028125,0.366782,,0.000000,0.000000,reached
975.900,STOP,True,0,-0.028125,0.366782,,0.000000,0.000000,reached
976.000,STOP,True,0,-0.028125,0.366782,,0.000000,0.000000,reached
976.100,STOP,True,0,-0.028125,0.366782,,0.000000,0.000000,reached
976.200,STOP,True,0,-0.028125,0.366782,,0.000000,0.000000,reached
976.300,STOP,True,0,-0.028125,0.366782,,0.000000,0.000000,reached
976.400,STOP,True,0,-0.028125,0.366782,,0.000000,0.000000,reached
976.500,STOP,True,0,-0.028125,0.366632,,0.000000,0.000000,reached
976.600,STOP,True,0,-0.028125,0.366782,,0.000000,0.000000,reached
976.700,STOP,True,0,-0.028125,0.366782,,0.000000,0.000000,reached
976.800,STOP,True,0,-0.028125,0.366782,,0.000000,0.000000,reached
976.900,STOP,True,0,-0.028125,0.366782,,0.000000,0.000000,reached
977.000,STOP,True,0,-0.028125,0.366782,,0.000000,0.000000,reached
977.100,STOP,True,0,-0.028125,0.366782,,0.000000,0.000000,reached
977.200,STOP,True,0,-0.028125,0.366782,,0.000000,0.000000,reached
977.300,STOP,True,0,-0.028125,0.366782,,0.000000,0.000000,reached
977.400,STOP,True,0,-0.028125,0.366782,,0.000000,0.000000,reached
977.500,STOP,True,0,-0.028125,0.366782,,0.000000,0.000000,reached
977.600,STOP,True,0,-0.028125,0.366782,,0.000000,0.000000,reached
977.700,STOP,True,0,-0.028125,0.366782,,0.000000,0.000000,reached
977.800,STOP,True,0,-0.028125,0.366782,,0.000000,0.000000,reached
977.900,STOP,True,0,-0.028125,0.366782,,0.000000,0.000000,reached
978.000,STOP,True,0,-0.028125,0.366782,,0.000000,0.000000,reached
978.100,STOP,True,0,-0.028125,0.366782,,0.000000,0.000000,reached
978.200,STOP,True,0,-0.028125,0.366782,,0.000000,0.000000,reached
978.300,STOP,True,0,-0.028125,0.366782,,0.000000,0.000000,reached
978.400,STOP,True,0,-0.028125,0.366782,,0.000000,0.000000,reached
978.500,STOP,True,0,-0.028125,0.366782,,0.000000,0.000000,reached
978.600,STOP,True,0,-0.028125,0.366782,,0.000000,0.000000,reached
978.700,STOP,True,0,-0.028125,0.366782,,0.000000,0.000000,reached
978.800,STOP,True,0,-0.028125,0.366782,,0.000000,0.000000,reached
978.900,STOP,True,0,-0.028125,0.366782,,0.000000,0.000000,reached
979.000,STOP,True,0,-0.028125,0.366782,,0.000000,0.000000,reached
979.100,STOP,True,0,-0.028125,0.366782,,0.000000,0.000000,reached
979.200,STOP,True,0,-0.028125,0.366782,,0.000000,0.000000,reached
979.300,STOP,True,0,-0.028125,0.366782,,0.000000,0.000000,reached
979.400,STOP,True,0,-0.028125,0.366782,,0.000000,0.000000,reached
979.500,STOP,True,0,-0.028125,0.366782,,0.000000,0.000000,reached
979.600,STOP,True,0,-0.028125,0.366782,,0.000000,0.000000,reached
979.700,STOP,True,0,-0.028125,0.366782,,0.000000,0.000000,reached
979.800,STOP,True,0,-0.028125,0.366782,,0.000000,0.000000,reached
979.900,STOP,True,0,-0.028125,0.366782,,0.000000,0.000000,reached
980.000,STOP,True,0,-0.028125,0.366862,,0.000000,0.000000,reached
980.100,STOP,True,0,-0.028125,0.366782,,0.000000,0.000000,reached
980.200,STOP,True,0,-0.028125,0.366782,,0.000000,0.000000,reached
980.300,STOP,True,0,-0.028125,0.366782,,0.000000,0.000000,reached
980.400,STOP,True,0,-0.028125,0.366782,,0.000000,0.000000,reached
980.500,STOP,True,0,-0.028125,0.366782,,0.000000,0.000000,reached
980.600,STOP,True,0,-0.028125,0.366782,,0.000000,0.000000,reached
980.700,STOP,True,0,-0.028125,0.366782,,0.000000,0.000000,reached
980.800,STOP,True,0,-0.028125,0.366782,,0.000000,0.000000,reached
980.900,STOP,True,0,-0.028125,0.366862,,0.000000,0.000000,reached
981.000,STOP,True,0,-0.028125,0.366782,,0.000000,0.000000,reached
981.100,STOP,True,0,-0.028125,0.366782,,0.000000,0.000000,reached
981.200,STOP,True,0,-0.028125,0.366782,,0.000000,0.000000,reached
981.300,STOP,True,0,-0.028125,0.366782,,0.000000,0.000000,reached
981.400,STOP,True,0,-0.028125,0.366782,,0.000000,0.000000,reached
981.500,STOP,True,0,-0.028125,0.366782,,0.000000,0.000000,reached
981.600,STOP,True,0,-0.028125,0.366782,,0.000000,0.000000,reached
981.700,STOP,True,0,-0.028125,0.366782,,0.000000,0.000000,reached
981.800,STOP,True,0,-0.028125,0.366782,,0.000000,0.000000,reached
981.900,STOP,True,0,-0.028125,0.366782,,0.000000,0.000000,reached
982.000,STOP,True,0,-0.028125,0.366782,,0.000000,0.000000,reached
982.100,STOP,True,0,-0.028125,0.366782,,0.000000,0.000000,reached
982.200,STOP,True,0,-0.028125,0.366782,,0.000000,0.000000,reached
982.300,STOP,True,0,-0.028125,0.366862,,0.000000,0.000000,reached
982.400,STOP,True,0,-0.028125,0.366782,,0.000000,0.000000,reached
982.500,STOP,True,0,-0.028125,0.366782,,0.000000,0.000000,reached
982.600,STOP,True,0,-0.028125,0.366862,,0.000000,0.000000,reached
982.700,STOP,True,0,-0.028125,0.366782,,0.000000,0.000000,reached
982.800,STOP,True,0,-0.028125,0.366862,,0.000000,0.000000,reached
982.900,STOP,True,0,-0.028125,0.366782,,0.000000,0.000000,reached
983.000,STOP,True,0,-0.028125,0.366782,,0.000000,0.000000,reached
983.100,STOP,True,0,-0.028125,0.366862,,0.000000,0.000000,reached
983.200,STOP,True,0,-0.028125,0.366862,,0.000000,0.000000,reached
983.300,STOP,True,0,-0.028125,0.366782,,0.000000,0.000000,reached
983.400,STOP,True,0,-0.028125,0.366862,,0.000000,0.000000,reached
983.500,STOP,True,0,-0.028125,0.366782,,0.000000,0.000000,reached
983.600,STOP,True,0,-0.028125,0.366782,,0.000000,0.000000,reached
983.700,STOP,True,0,-0.028125,0.366862,,0.000000,0.000000,reached
983.800,STOP,True,0,-0.028125,0.366782,,0.000000,0.000000,reached
983.900,STOP,True,0,-0.028125,0.366782,,0.000000,0.000000,reached
984.000,STOP,True,0,-0.028125,0.366862,,0.000000,0.000000,reached
984.100,STOP,True,0,-0.028125,0.366782,,0.000000,0.000000,reached
984.200,STOP,True,0,-0.028125,0.366782,,0.000000,0.000000,reached
984.300,STOP,True,0,-0.028125,0.366782,,0.000000,0.000000,reached
984.400,STOP,True,0,-0.028125,0.366862,,0.000000,0.000000,reached
984.500,STOP,True,0,-0.028125,0.366782,,0.000000,0.000000,reached
984.600,STOP,True,0,-0.028125,0.366782,,0.000000,0.000000,reached
984.700,STOP,True,0,-0.028125,0.366782,,0.000000,0.000000,reached
984.800,STOP,True,0,-0.028125,0.366782,,0.000000,0.000000,reached
984.900,STOP,True,0,-0.028125,0.366862,,0.000000,0.000000,reached
985.000,STOP,True,0,-0.028125,0.366782,,0.000000,0.000000,reached
985.100,STOP,True,0,-0.028125,0.366782,,0.000000,0.000000,reached
985.200,STOP,True,0,-0.028125,0.366782,,0.000000,0.000000,reached
985.300,STOP,True,0,-0.028125,0.366782,,0.000000,0.000000,reached
985.400,STOP,True,0,-0.028125,0.366862,,0.000000,0.000000,reached
985.500,STOP,True,0,-0.028125,0.366782,,0.000000,0.000000,reached
985.600,STOP,True,0,-0.028125,0.366782,,0.000000,0.000000,reached
985.700,STOP,True,0,-0.028125,0.366782,,0.000000,0.000000,reached
985.800,STOP,True,0,-0.028125,0.366782,,0.000000,0.000000,reached
985.900,STOP,True,0,-0.028125,0.366862,,0.000000,0.000000,reached
986.000,STOP,True,0,-0.028125,0.366782,,0.000000,0.000000,reached
986.100,STOP,True,0,-0.028125,0.366782,,0.000000,0.000000,reached
986.200,STOP,True,0,-0.028125,0.366862,,0.000000,0.000000,reached
986.300,STOP,True,0,-0.028125,0.366782,,0.000000,0.000000,reached
986.400,STOP,True,0,-0.028125,0.366782,,0.000000,0.000000,reached
986.500,STOP,True,0,-0.028125,0.366862,,0.000000,0.000000,reached
986.600,STOP,True,0,-0.028125,0.366782,,0.000000,0.000000,reached
986.700,STOP,True,0,-0.028125,0.366782,,0.000000,0.000000,reached
986.800,STOP,True,0,-0.028125,0.366862,,0.000000,0.000000,reached
986.900,STOP,True,0,-0.028125,0.366782,,0.000000,0.000000,reached
987.000,STOP,True,0,-0.028125,0.366782,,0.000000,0.000000,reached
987.100,STOP,True,0,-0.028125,0.366782,,0.000000,0.000000,reached
987.200,STOP,True,0,-0.028125,0.366782,,0.000000,0.000000,reached
987.300,STOP,True,0,-0.028125,0.366862,,0.000000,0.000000,reached
987.400,STOP,True,0,-0.028125,0.366782,,0.000000,0.000000,reached
987.500,STOP,True,0,-0.028125,0.366862,,0.000000,0.000000,reached
987.600,STOP,True,0,-0.028125,0.366782,,0.000000,0.000000,reached
987.700,STOP,True,0,-0.028125,0.366782,,0.000000,0.000000,reached
987.800,STOP,True,0,-0.028125,0.366862,,0.000000,0.000000,reached
987.900,STOP,True,0,-0.028125,0.366782,,0.000000,0.000000,reached
988.000,STOP,True,0,-0.028125,0.366862,,0.000000,0.000000,reached
988.100,STOP,True,0,-0.028125,0.366862,,0.000000,0.000000,reached
988.200,STOP,True,0,-0.028125,0.366782,,0.000000,0.000000,reached
988.300,STOP,True,0,-0.027344,0.367517,,0.000000,0.000000,reached
988.400,STOP,True,0,-0.028125,0.366782,,0.000000,0.000000,reached
988.500,STOP,True,0,-0.028125,0.366782,,0.000000,0.000000,reached
988.600,STOP,True,0,-0.028125,0.366862,,0.000000,0.000000,reached
988.700,STOP,True,0,-0.028125,0.366782,,0.000000,0.000000,reached
988.800,STOP,True,0,-0.028906,0.367666,,0.000000,0.000000,reached
988.900,STOP,True,0,-0.028125,0.366782,,0.000000,0.000000,reached
989.000,STOP,True,0,-0.028125,0.366782,,0.000000,0.000000,reached
989.100,STOP,True,0,-0.028125,0.366862,,0.000000,0.000000,reached
989.200,STOP,True,0,-0.028125,0.366782,,0.000000,0.000000,reached
989.300,STOP,True,0,-0.028125,0.366862,,0.000000,0.000000,reached
989.400,STOP,True,0,-0.028125,0.366862,,0.000000,0.000000,reached
989.500,STOP,True,0,-0.028125,0.366782,,0.000000,0.000000,reached
989.600,STOP,True,0,-0.028906,0.367666,,0.000000,0.000000,reached
989.700,STOP,True,0,-0.028125,0.366782,,0.000000,0.000000,reached
989.800,STOP,True,0,-0.028125,0.366782,,0.000000,0.000000,reached
989.900,STOP,True,0,-0.028125,0.366862,,0.000000,0.000000,reached
990.000,STOP,True,0,-0.028125,0.366782,,0.000000,0.000000,reached
990.100,STOP,True,0,-0.028906,0.367666,,0.000000,0.000000,reached
990.200,STOP,True,0,-0.028125,0.366782,,0.000000,0.000000,reached
990.300,STOP,True,0,-0.028125,0.366782,,0.000000,0.000000,reached
990.400,STOP,True,0,-0.028125,0.368289,,0.000000,0.000000,reached
990.500,STOP,True,0,-0.028125,0.366782,,0.000000,0.000000,reached
990.600,STOP,True,0,-0.028125,0.366782,,0.000000,0.000000,reached
990.700,STOP,True,0,-0.028906,0.367666,,0.000000,0.000000,reached
990.800,STOP,True,0,-0.028125,0.366782,,0.000000,0.000000,reached
990.900,STOP,True,0,-0.028125,0.366782,,0.000000,0.000000,reached
991.000,STOP,True,0,-0.028906,0.367666,,0.000000,0.000000,reached
991.100,STOP,True,0,-0.028125,0.366862,,0.000000,0.000000,reached
991.200,STOP,True,0,-0.027344,0.367405,,0.000000,0.000000,reached
991.300,STOP,True,0,-0.028906,0.367666,,0.000000,0.000000,reached
991.400,STOP,True,0,-0.028125,0.366782,,0.000000,0.000000,reached
991.500,STOP,True,0,-0.028125,0.366862,,0.000000,0.000000,reached
991.600,STOP,True,0,-0.028906,0.367666,,0.000000,0.000000,reached
991.700,STOP,True,0,-0.028125,0.366782,,0.000000,0.000000,reached
991.800,STOP,True,0,-0.028125,0.366782,,0.000000,0.000000,reached
991.900,STOP,True,0,-0.028906,0.367666,,0.000000,0.000000,reached
992.000,STOP,True,0,-0.028125,0.366782,,0.000000,0.000000,reached
992.100,STOP,True,0,-0.028125,0.366782,,0.000000,0.000000,reached
992.200,STOP,True,0,-0.028906,0.367666,,0.000000,0.000000,reached
992.300,STOP,True,0,-0.028125,0.366782,,0.000000,0.000000,reached
992.400,STOP,True,0,-0.028906,0.367666,,0.000000,0.000000,reached
992.500,STOP,True,0,-0.028906,0.367666,,0.000000,0.000000,reached
992.600,STOP,True,0,-0.028125,0.366782,,0.000000,0.000000,reached
992.700,STOP,True,0,-0.028125,0.368289,,0.000000,0.000000,reached
992.800,STOP,True,0,-0.028906,0.367666,,0.000000,0.000000,reached
992.900,STOP,True,0,-0.028125,0.366782,,0.000000,0.000000,reached
993.000,STOP,True,0,-0.028125,0.368289,,0.000000,0.000000,reached
993.100,STOP,True,0,-0.028906,0.367666,,0.000000,0.000000,reached
993.200,STOP,True,0,-0.028125,0.366782,,0.000000,0.000000,reached
993.300,STOP,True,0,-0.028906,0.367666,,0.000000,0.000000,reached
993.400,STOP,True,0,-0.028906,0.367666,,0.000000,0.000000,reached
993.500,STOP,True,0,-0.028125,0.368289,,0.000000,0.000000,reached
993.600,STOP,True,0,-0.028125,0.368289,,0.000000,0.000000,reached
993.700,STOP,True,0,-0.028125,0.366782,,0.000000,0.000000,reached
993.800,STOP,True,0,-0.028906,0.367666,,0.000000,0.000000,reached
993.900,STOP,True,0,-0.028125,0.368289,,0.000000,0.000000,reached
994.000,STOP,True,0,-0.028125,0.368132,,0.000000,0.000000,reached
994.100,STOP,True,0,-0.028906,0.367666,,0.000000,0.000000,reached
994.200,STOP,True,0,-0.028906,0.367547,,0.000000,0.000000,reached
994.300,STOP,True,0,-0.028125,0.368132,,0.000000,0.000000,reached
994.400,STOP,True,0,-0.028125,0.368289,,0.000000,0.000000,reached
994.500,STOP,True,0,-0.028125,0.366782,,0.000000,0.000000,reached
994.600,STOP,True,0,-0.028906,0.367666,,0.000000,0.000000,reached
994.700,STOP,True,0,-0.028125,0.368289,,0.000000,0.000000,reached
994.800,STOP,True,0,-0.027344,0.366778,,0.000000,0.000000,reached
994.900,STOP,True,0,-0.028906,0.367547,,0.000000,0.000000,reached
995.000,STOP,True,0,-0.028125,0.368289,,0.000000,0.000000,reached
995.100,STOP,True,0,-0.028125,0.368289,,0.000000,0.000000,reached
995.200,STOP,True,0,-0.028125,0.368289,,0.000000,0.000000,reached
995.300,STOP,True,0,-0.028906,0.367666,,0.000000,0.000000,reached
995.400,STOP,True,0,-0.027344,0.368093,,0.000000,0.000000,reached
995.500,STOP,True,0,-0.028125,0.368289,,0.000000,0.000000,reached
995.600,STOP,True,0,-0.028906,0.367666,,0.000000,0.000000,reached
995.700,STOP,True,0,-0.027344,0.366778,,0.000000,0.000000,reached
995.800,STOP,True,0,-0.028125,0.368289,,0.000000,0.000000,reached
995.900,STOP,True,0,-0.028125,0.368289,,0.000000,0.000000,reached
996.000,STOP,True,0,-0.028125,0.367521,,0.000000,0.000000,reached
996.100,STOP,True,0,-0.028906,0.367666,,0.000000,0.000000,reached
996.200,STOP,True,0,-0.027344,0.368272,,0.000000,0.000000,reached
996.300,STOP,True,0,-0.028125,0.368289,,0.000000,0.000000,reached
996.400,STOP,True,0,-0.028125,0.368289,,0.000000,0.000000,reached
996.500,STOP,True,0,-0.028125,0.367521,,0.000000,0.000000,reached
996.600,STOP,True,0,-0.028125,0.368289,,0.000000,0.000000,reached
996.700,STOP,True,0,-0.028906,0.367666,,0.000000,0.000000,reached
996.800,STOP,True,0,-0.028125,0.367521,,0.000000,0.000000,reached
996.900,STOP,True,0,-0.028125,0.368289,,0.000000,0.000000,reached
997.000,STOP,True,0,-0.028125,0.367664,,0.000000,0.000000,reached
997.100,STOP,True,0,-0.027344,0.368093,,0.000000,0.000000,reached
997.200,STOP,True,0,-0.028125,0.368289,,0.000000,0.000000,reached
997.300,STOP,True,0,-0.028125,0.367664,,0.000000,0.000000,reached
997.400,STOP,True,0,-0.027344,0.368093,,0.000000,0.000000,reached
997.500,STOP,True,0,-0.028125,0.368289,,0.000000,0.000000,reached
997.600,STOP,True,0,-0.028906,0.367666,,0.000000,0.000000,reached
997.700,STOP,True,0,-0.028125,0.367664,,0.000000,0.000000,reached
997.800,STOP,True,0,-0.028125,0.368289,,0.000000,0.000000,reached
997.900,STOP,True,0,-0.027344,0.368272,,0.000000,0.000000,reached
998.000,STOP,True,0,-0.028906,0.367666,,0.000000,0.000000,reached
998.100,STOP,True,0,-0.027344,0.368272,,0.000000,0.000000,reached
998.200,STOP,True,0,-0.027344,0.368272,,0.000000,0.000000,reached
998.300,STOP,True,0,-0.028125,0.368289,,0.000000,0.000000,reached
998.400,STOP,True,0,-0.028125,0.367664,,0.000000,0.000000,reached
998.500,STOP,True,0,-0.027344,0.368093,,0.000000,0.000000,reached
998.600,STOP,True,0,-0.028125,0.368289,,0.000000,0.000000,reached
998.700,STOP,True,0,-0.028125,0.367664,,0.000000,0.000000,reached
998.800,STOP,True,0,-0.027344,0.368272,,0.000000,0.000000,reached
998.900,STOP,True,0,-0.028125,0.368289,,0.000000,0.000000,reached
999.000,STOP,True,0,-0.027344,0.368272,,0.000000,0.000000,reached
999.100,STOP,True,0,-0.028125,0.368289,,0.000000,0.000000,reached
999.200,STOP,True,0,-0.027344,0.368272,,0.000000,0.000000,reached
999.300,STOP,True,0,-0.027344,0.368272,,0.000000,0.000000,reached
999.400,STOP,True,0,-0.028125,0.368289,,0.000000,0.000000,reached
999.500,STOP,True,0,-0.028125,0.367664,,0.000000,0.000000,reached
999.600,STOP,True,0,-0.027344,0.368272,,0.000000,0.000000,reached
999.700,STOP,True,0,-0.028125,0.368289,,0.000000,0.000000,reached
999.800,STOP,True,0,-0.027344,0.368272,,0.000000,0.000000,reached
999.900,STOP,True,0,-0.028125,0.367521,,0.000000,0.000000,reached
1000.000,STOP,True,0,-0.027344,0.368272,,0.000000,0.000000,reached
1000.100,STOP,True,0,-0.028125,0.368530,,0.000000,0.000000,reached
1000.200,STOP,True,0,-0.027344,0.368272,,0.000000,0.000000,reached
1000.300,STOP,True,0,-0.027344,0.368272,,0.000000,0.000000,reached
1000.400,STOP,True,0,-0.027344,0.368272,,0.000000,0.000000,reached
1000.500,STOP,True,0,-0.027344,0.368272,,0.000000,0.000000,reached
1000.600,STOP,True,0,-0.027344,0.368272,,0.000000,0.000000,reached
1000.700,STOP,True,0,-0.027344,0.368272,,0.000000,0.000000,reached
1000.800,STOP,True,0,-0.028125,0.368530,,0.000000,0.000000,reached
1000.900,STOP,True,0,-0.027344,0.368272,,0.000000,0.000000,reached
1001.000,STOP,True,0,-0.027344,0.368272,,0.000000,0.000000,reached
1001.100,STOP,True,0,-0.027344,0.368272,,0.000000,0.000000,reached
1001.200,STOP,True,0,-0.027344,0.368272,,0.000000,0.000000,reached
1001.300,STOP,True,0,-0.027344,0.368272,,0.000000,0.000000,reached
1001.400,STOP,True,0,-0.027344,0.368272,,0.000000,0.000000,reached
1001.500,STOP,True,0,-0.027344,0.368272,,0.000000,0.000000,reached
1001.600,STOP,True,0,-0.027344,0.368272,,0.000000,0.000000,reached
1001.700,STOP,True,0,-0.027344,0.368272,,0.000000,0.000000,reached
1001.800,STOP,True,0,-0.027344,0.368272,,0.000000,0.000000,reached
1001.900,STOP,True,0,-0.027344,0.368272,,0.000000,0.000000,reached
1002.000,STOP,True,0,-0.028125,0.367664,,0.000000,0.000000,reached
1002.100,STOP,True,0,-0.027344,0.368272,,0.000000,0.000000,reached
1002.200,STOP,True,0,-0.027344,0.368272,,0.000000,0.000000,reached
1002.300,STOP,True,0,-0.027344,0.368272,,0.000000,0.000000,reached
1002.400,STOP,True,0,-0.027344,0.368272,,0.000000,0.000000,reached
1002.500,STOP,True,0,-0.027344,0.368272,,0.000000,0.000000,reached
1002.600,STOP,True,0,-0.027344,0.368272,,0.000000,0.000000,reached
1002.700,STOP,True,0,-0.027344,0.368272,,0.000000,0.000000,reached
1002.800,STOP,True,0,-0.027344,0.368272,,0.000000,0.000000,reached
1002.900,STOP,True,0,-0.027344,0.368272,,0.000000,0.000000,reached
1003.000,STOP,True,0,-0.027344,0.368272,,0.000000,0.000000,reached
1003.100,STOP,True,0,-0.027344,0.368272,,0.000000,0.000000,reached
1003.200,STOP,True,0,-0.028125,0.367664,,0.000000,0.000000,reached
1003.300,STOP,True,0,-0.027344,0.368272,,0.000000,0.000000,reached
1003.400,STOP,True,0,-0.027344,0.368272,,0.000000,0.000000,reached
1003.500,STOP,True,0,-0.027344,0.368272,,0.000000,0.000000,reached
1003.600,STOP,True,0,-0.027344,0.368272,,0.000000,0.000000,reached
1003.700,STOP,True,0,-0.028125,0.368530,,0.000000,0.000000,reached
1003.800,STOP,True,0,-0.027344,0.368272,,0.000000,0.000000,reached
1003.900,STOP,True,0,-0.028125,0.367664,,0.000000,0.000000,reached
1004.000,STOP,True,0,-0.027344,0.368272,,0.000000,0.000000,reached
1004.100,STOP,True,0,-0.028125,0.368530,,0.000000,0.000000,reached
1004.200,STOP,True,0,-0.027344,0.368272,,0.000000,0.000000,reached
1004.300,STOP,True,0,-0.027344,0.368272,,0.000000,0.000000,reached
1004.400,STOP,True,0,-0.027344,0.368272,,0.000000,0.000000,reached
1004.500,STOP,True,0,-0.027344,0.368272,,0.000000,0.000000,reached
1004.600,STOP,True,0,-0.027344,0.368272,,0.000000,0.000000,reached
1004.700,STOP,True,0,-0.027344,0.368272,,0.000000,0.000000,reached
1004.800,STOP,True,0,-0.027344,0.368272,,0.000000,0.000000,reached
1004.900,STOP,True,0,-0.027344,0.368272,,0.000000,0.000000,reached
1005.000,STOP,True,0,-0.027344,0.368272,,0.000000,0.000000,reached
1005.100,STOP,True,0,-0.027344,0.368272,,0.000000,0.000000,reached
1005.200,STOP,True,0,-0.028125,0.368530,,0.000000,0.000000,reached
1005.300,STOP,True,0,-0.027344,0.368272,,0.000000,0.000000,reached
1005.400,STOP,True,0,-0.027344,0.368272,,0.000000,0.000000,reached
1005.500,STOP,True,0,-0.027344,0.368272,,0.000000,0.000000,reached
1005.600,STOP,True,0,-0.027344,0.368272,,0.000000,0.000000,reached
1005.700,STOP,True,0,-0.027344,0.368272,,0.000000,0.000000,reached
1005.800,STOP,True,0,-0.028125,0.368403,,0.000000,0.000000,reached
1005.900,STOP,True,0,-0.027344,0.368272,,0.000000,0.000000,reached
1006.000,STOP,True,0,-0.028125,0.368530,,0.000000,0.000000,reached
1006.100,STOP,True,0,-0.027344,0.368272,,0.000000,0.000000,reached
1006.200,STOP,True,0,-0.027344,0.368272,,0.000000,0.000000,reached
1006.300,STOP,True,0,-0.028125,0.368530,,0.000000,0.000000,reached
1006.400,STOP,True,0,-0.028125,0.368530,,0.000000,0.000000,reached
1006.500,STOP,True,0,-0.027344,0.368272,,0.000000,0.000000,reached
1006.600,STOP,True,0,-0.027344,0.368272,,0.000000,0.000000,reached
1006.700,STOP,True,0,-0.028125,0.367664,,0.000000,0.000000,reached
1006.800,STOP,True,0,-0.028125,0.368530,,0.000000,0.000000,reached
1006.900,STOP,True,0,-0.027344,0.368272,,0.000000,0.000000,reached
1007.000,STOP,True,0,-0.027344,0.368272,,0.000000,0.000000,reached
1007.100,STOP,True,0,-0.027344,0.368272,,0.000000,0.000000,reached
1007.200,STOP,True,0,-0.028125,0.368530,,0.000000,0.000000,reached
1007.300,STOP,True,0,-0.028125,0.367664,,0.000000,0.000000,reached
1007.400,STOP,True,0,-0.028125,0.367664,,0.000000,0.000000,reached
1007.500,STOP,True,0,-0.027344,0.368272,,0.000000,0.000000,reached
1007.600,STOP,True,0,-0.027344,0.368272,,0.000000,0.000000,reached
1007.700,STOP,True,0,-0.028125,0.368530,,0.000000,0.000000,reached
1007.800,STOP,True,0,-0.028125,0.367664,,0.000000,0.000000,reached
1007.900,STOP,True,0,-0.027344,0.368272,,0.000000,0.000000,reached
1008.000,STOP,True,0,-0.027344,0.368272,,0.000000,0.000000,reached
1008.100,STOP,True,0,-0.028125,0.367664,,0.000000,0.000000,reached
1008.200,STOP,True,0,-0.028125,0.367664,,0.000000,0.000000,reached
1008.300,STOP,True,0,-0.027344,0.368272,,0.000000,0.000000,reached
1008.400,STOP,True,0,-0.027344,0.368272,,0.000000,0.000000,reached
1008.500,STOP,True,0,-0.027344,0.368272,,0.000000,0.000000,reached
1008.600,STOP,True,0,-0.028125,0.368530,,0.000000,0.000000,reached
1008.700,STOP,True,0,-0.028125,0.368530,,0.000000,0.000000,reached
1008.800,STOP,True,0,-0.027344,0.368272,,0.000000,0.000000,reached
1008.900,STOP,True,0,-0.027344,0.368272,,0.000000,0.000000,reached
1009.000,STOP,True,0,-0.027344,0.368272,,0.000000,0.000000,reached
1009.100,STOP,True,0,-0.028125,0.367664,,0.000000,0.000000,reached
1009.200,STOP,True,0,-0.028125,0.368530,,0.000000,0.000000,reached
1009.300,STOP,True,0,-0.028125,0.367664,,0.000000,0.000000,reached
1009.400,STOP,True,0,-0.027344,0.368272,,0.000000,0.000000,reached
1009.500,STOP,True,0,-0.028125,0.367664,,0.000000,0.000000,reached
1009.600,STOP,True,0,-0.028125,0.368530,,0.000000,0.000000,reached
1009.700,STOP,True,0,-0.027344,0.368272,,0.000000,0.000000,reached
1009.800,STOP,True,0,-0.028125,0.367664,,0.000000,0.000000,reached
1009.900,STOP,True,0,-0.028125,0.368530,,0.000000,0.000000,reached
1010.000,STOP,True,0,-0.027344,0.368272,,0.000000,0.000000,reached
1010.100,STOP,True,0,-0.028125,0.368530,,0.000000,0.000000,reached
1010.200,STOP,True,0,-0.028125,0.368403,,0.000000,0.000000,reached
1010.300,STOP,True,0,-0.028125,0.368530,,0.000000,0.000000,reached
1010.400,STOP,True,0,-0.028125,0.367664,,0.000000,0.000000,reached
1010.500,STOP,True,0,-0.028125,0.367664,,0.000000,0.000000,reached
1010.600,STOP,True,0,-0.028125,0.367664,,0.000000,0.000000,reached
1010.700,STOP,True,0,-0.027344,0.368272,,0.000000,0.000000,reached
1010.800,STOP,True,0,-0.028125,0.367664,,0.000000,0.000000,reached
1010.900,STOP,True,0,-0.028125,0.367664,,0.000000,0.000000,reached
1011.000,STOP,True,0,-0.028125,0.367664,,0.000000,0.000000,reached
1011.100,STOP,True,0,-0.028125,0.368403,,0.000000,0.000000,reached
1011.200,STOP,True,0,-0.027344,0.368272,,0.000000,0.000000,reached
1011.300,STOP,True,0,-0.028125,0.367664,,0.000000,0.000000,reached
1011.400,STOP,True,0,-0.028125,0.368403,,0.000000,0.000000,reached
1011.500,STOP,True,0,-0.027344,0.368272,,0.000000,0.000000,reached
1011.600,STOP,True,0,-0.028125,0.367664,,0.000000,0.000000,reached
1011.700,STOP,True,0,-0.028125,0.367664,,0.000000,0.000000,reached
1011.800,STOP,True,0,-0.027344,0.368272,,0.000000,0.000000,reached
1011.900,STOP,True,0,-0.027344,0.368272,,0.000000,0.000000,reached
1012.000,STOP,True,0,-0.028125,0.367664,,0.000000,0.000000,reached
1012.100,STOP,True,0,-0.027344,0.368272,,0.000000,0.000000,reached
1012.200,STOP,True,0,-0.028125,0.368530,,0.000000,0.000000,reached
1012.300,STOP,True,0,-0.028125,0.368530,,0.000000,0.000000,reached
1012.400,STOP,True,0,-0.028125,0.368530,,0.000000,0.000000,reached
1012.500,STOP,True,0,-0.028125,0.367664,,0.000000,0.000000,reached
1012.600,STOP,True,0,-0.028125,0.368530,,0.000000,0.000000,reached
1012.700,STOP,True,0,-0.028125,0.367664,,0.000000,0.000000,reached
1012.800,STOP,True,0,-0.027344,0.368272,,0.000000,0.000000,reached
1012.900,STOP,True,0,-0.028125,0.368530,,0.000000,0.000000,reached
1013.000,STOP,True,0,-0.028125,0.367664,,0.000000,0.000000,reached
1013.100,STOP,True,0,-0.027344,0.368272,,0.000000,0.000000,reached
1013.200,STOP,True,0,-0.028125,0.368530,,0.000000,0.000000,reached
1013.300,STOP,True,0,-0.028125,0.368530,,0.000000,0.000000,reached
1013.400,STOP,True,0,-0.028125,0.367664,,0.000000,0.000000,reached
1013.500,STOP,True,0,-0.028125,0.367664,,0.000000,0.000000,reached
1013.600,STOP,True,0,-0.028125,0.368403,,0.000000,0.000000,reached
1013.700,STOP,True,0,-0.028125,0.367664,,0.000000,0.000000,reached
1013.800,STOP,True,0,-0.028125,0.367664,,0.000000,0.000000,reached
1013.900,STOP,True,0,-0.028125,0.368530,,0.000000,0.000000,reached
1014.000,STOP,True,0,-0.027344,0.368272,,0.000000,0.000000,reached
1014.100,STOP,True,0,-0.028125,0.367664,,0.000000,0.000000,reached
1014.200,STOP,True,0,-0.028125,0.368530,,0.000000,0.000000,reached
1014.300,STOP,True,0,-0.028906,0.368524,,0.000000,0.000000,reached
1014.400,STOP,True,0,-0.028125,0.367664,,0.000000,0.000000,reached
1014.500,STOP,True,0,-0.028906,0.368303,,0.000000,0.000000,reached
1014.600,STOP,True,0,-0.028125,0.367664,,0.000000,0.000000,reached
1014.700,STOP,True,0,-0.028125,0.367664,,0.000000,0.000000,reached
1014.800,STOP,True,0,-0.028906,0.367415,,0.000000,0.000000,reached
1014.900,STOP,True,0,-0.028125,0.367664,,0.000000,0.000000,reached
1015.000,STOP,True,0,-0.028125,0.367664,,0.000000,0.000000,reached
1015.100,STOP,True,0,-0.028125,0.367521,,0.000000,0.000000,reached
1015.200,STOP,True,0,-0.028125,0.367664,,0.000000,0.000000,reached
1015.300,STOP,True,0,-0.028125,0.368530,,0.000000,0.000000,reached
1015.400,STOP,True,0,-0.028906,0.368303,,0.000000,0.000000,reached
1015.500,STOP,True,0,-0.028125,0.367664,,0.000000,0.000000,reached
1015.600,STOP,True,0,-0.028125,0.368530,,0.000000,0.000000,reached
1015.700,STOP,True,0,-0.028125,0.367664,,0.000000,0.000000,reached
1015.800,STOP,True,0,-0.028125,0.368530,,0.000000,0.000000,reached
1015.900,STOP,True,0,-0.028906,0.367415,,0.000000,0.000000,reached
1016.000,STOP,True,0,-0.028125,0.367664,,0.000000,0.000000,reached
1016.100,STOP,True,0,-0.027344,0.369160,,0.000000,0.000000,reached
1016.200,STOP,True,0,-0.028906,0.367573,,0.000000,0.000000,reached
1016.300,STOP,True,0,-0.028125,0.367664,,0.000000,0.000000,reached
1016.400,STOP,True,0,-0.028125,0.367664,,0.000000,0.000000,reached
1016.500,STOP,True,0,-0.028906,0.367415,,0.000000,0.000000,reached
1016.600,STOP,True,0,-0.028125,0.368530,,0.000000,0.000000,reached
1016.700,STOP,True,0,-0.028125,0.367664,,0.000000,0.000000,reached
1016.800,STOP,True,0,-0.028125,0.367664,,0.000000,0.000000,reached
1016.900,STOP,True,0,-0.027344,0.369160,,0.000000,0.000000,reached
1017.000,STOP,True,0,-0.028125,0.368530,,0.000000,0.000000,reached
1017.100,STOP,True,0,-0.028125,0.368530,,0.000000,0.000000,reached
1017.200,STOP,True,0,-0.028125,0.367664,,0.000000,0.000000,reached
1017.300,STOP,True,0,-0.028125,0.367664,,0.000000,0.000000,reached
1017.400,STOP,True,0,-0.028125,0.368530,,0.000000,0.000000,reached
1017.500,STOP,True,0,-0.028906,0.367415,,0.000000,0.000000,reached
1017.600,STOP,True,0,-0.028906,0.367573,,0.000000,0.000000,reached
1017.700,STOP,True,0,-0.027344,0.369160,,0.000000,0.000000,reached
1017.800,STOP,True,0,-0.027344,0.369160,,0.000000,0.000000,reached
1017.900,STOP,True,0,-0.028906,0.367573,,0.000000,0.000000,reached
1018.000,STOP,True,0,-0.028125,0.367664,,0.000000,0.000000,reached
1018.100,STOP,True,0,-0.027344,0.369160,,0.000000,0.000000,reached
1018.200,STOP,True,0,-0.028125,0.367664,,0.000000,0.000000,reached
1018.300,STOP,True,0,-0.028906,0.367573,,0.000000,0.000000,reached
1018.400,STOP,True,0,-0.027344,0.369160,,0.000000,0.000000,reached
1018.500,STOP,True,0,-0.028125,0.367664,,0.000000,0.000000,reached
1018.600,STOP,True,0,-0.028906,0.367573,,0.000000,0.000000,reached
1018.700,STOP,True,0,-0.027344,0.369160,,0.000000,0.000000,reached
1018.800,STOP,True,0,-0.028906,0.368303,,0.000000,0.000000,reached
1018.900,STOP,True,0,-0.028125,0.368530,,0.000000,0.000000,reached
1019.000,STOP,True,0,-0.028125,0.368530,,0.000000,0.000000,reached
1019.100,STOP,True,0,-0.028906,0.367415,,0.000000,0.000000,reached
1019.200,STOP,True,0,-0.028125,0.368530,,0.000000,0.000000,reached
1019.300,STOP,True,0,-0.028906,0.368449,,0.000000,0.000000,reached
1019.400,STOP,True,0,-0.028125,0.367664,,0.000000,0.000000,reached
1019.500,STOP,True,0,-0.028125,0.367664,,0.000000,0.000000,reached
1019.600,STOP,True,0,-0.028906,0.367415,,0.000000,0.000000,reached
1019.700,STOP,True,0,-0.028125,0.368530,,0.000000,0.000000,reached
1019.800,STOP,True,0,-0.028906,0.367573,,0.000000,0.000000,reached
1019.900,STOP,True,0,-0.028906,0.367415,,0.000000,0.000000,reached
1020.000,STOP,True,0,-0.027344,0.369160,,0.000000,0.000000,reached
1020.100,STOP,True,0,-0.028906,0.368449,,0.000000,0.000000,reached
1020.200,STOP,True,0,-0.028125,0.367664,,0.000000,0.000000,reached
1020.300,STOP,True,0,-0.027344,0.369160,,0.000000,0.000000,reached
1020.400,STOP,True,0,-0.028906,0.367573,,0.000000,0.000000,reached
1020.500,STOP,True,0,-0.027344,0.369160,,0.000000,0.000000,reached
1020.600,STOP,True,0,-0.027344,0.369160,,0.000000,0.000000,reached
1020.700,STOP,True,0,-0.028906,0.367415,,0.000000,0.000000,reached
1020.800,STOP,True,0,-0.027344,0.369160,,0.000000,0.000000,reached
1020.900,STOP,True,0,-0.027344,0.369160,,0.000000,0.000000,reached
1021.000,STOP,True,0,-0.028906,0.368449,,0.000000,0.000000,reached
1021.100,STOP,True,0,-0.028125,0.368530,,0.000000,0.000000,reached
1021.200,STOP,True,0,-0.028125,0.368530,,0.000000,0.000000,reached
1021.300,STOP,True,0,-0.028906,0.368449,,0.000000,0.000000,reached
1021.400,STOP,True,0,-0.027344,0.369160,,0.000000,0.000000,reached
1021.500,STOP,True,0,-0.028125,0.367664,,0.000000,0.000000,reached
1021.600,STOP,True,0,-0.028906,0.368449,,0.000000,0.000000,reached
1021.700,STOP,True,0,-0.027344,0.369160,,0.000000,0.000000,reached
1021.800,STOP,True,0,-0.028906,0.367415,,0.000000,0.000000,reached
1021.900,STOP,True,0,-0.028125,0.367664,,0.000000,0.000000,reached
1022.000,STOP,True,0,-0.028906,0.368449,,0.000000,0.000000,reached
1022.100,STOP,True,0,-0.028906,0.368449,,0.000000,0.000000,reached
1022.200,STOP,True,0,-0.027344,0.369160,,0.000000,0.000000,reached
1022.300,STOP,True,0,-0.028906,0.367573,,0.000000,0.000000,reached
1022.400,STOP,True,0,-0.027344,0.369160,,0.000000,0.000000,reached
1022.500,STOP,True,0,-0.028125,0.367664,,0.000000,0.000000,reached
1022.600,STOP,True,0,-0.028125,0.368530,,0.000000,0.000000,reached
1022.700,STOP,True,0,-0.027344,0.369160,,0.000000,0.000000,reached
1022.800,STOP,True,0,-0.028906,0.368449,,0.000000,0.000000,reached
1022.900,STOP,True,0,-0.028906,0.367573,,0.000000,0.000000,reached
1023.000,STOP,True,0,-0.027344,0.369160,,0.000000,0.000000,reached
1023.100,STOP,True,0,-0.028906,0.368449,,0.000000,0.000000,reached
1023.200,STOP,True,0,-0.028125,0.367664,,0.000000,0.000000,reached
1023.300,STOP,True,0,-0.027344,0.369160,,0.000000,0.000000,reached
1023.400,STOP,True,0,-0.028906,0.368449,,0.000000,0.000000,reached
1023.500,STOP,True,0,-0.028906,0.368449,,0.000000,0.000000,reached
1023.600,STOP,True,0,-0.027344,0.369160,,0.000000,0.000000,reached
1023.700,STOP,True,0,-0.028906,0.368449,,0.000000,0.000000,reached
1023.800,STOP,True,0,-0.028906,0.368449,,0.000000,0.000000,reached
1023.900,STOP,True,0,-0.027344,0.369160,,0.000000,0.000000,reached
1024.000,STOP,True,0,-0.027344,0.369160,,0.000000,0.000000,reached
1024.100,STOP,True,0,-0.028906,0.368449,,0.000000,0.000000,reached
1024.200,STOP,True,0,-0.027344,0.369160,,0.000000,0.000000,reached
1024.300,STOP,True,0,-0.027344,0.369160,,0.000000,0.000000,reached
1024.400,STOP,True,0,-0.028906,0.368449,,0.000000,0.000000,reached
1024.500,STOP,True,0,-0.027344,0.369160,,0.000000,0.000000,reached
1024.600,STOP,True,0,-0.027344,0.369160,,0.000000,0.000000,reached
1024.700,STOP,True,0,-0.028906,0.368449,,0.000000,0.000000,reached
1024.800,STOP,True,0,-0.028906,0.367415,,0.000000,0.000000,reached
1024.900,STOP,True,0,-0.027344,0.369160,,0.000000,0.000000,reached
1025.000,STOP,True,0,-0.028906,0.368449,,0.000000,0.000000,reached
1025.100,STOP,True,0,-0.028906,0.368449,,0.000000,0.000000,reached
1025.200,STOP,True,0,-0.027344,0.369160,,0.000000,0.000000,reached
1025.300,STOP,True,0,-0.028906,0.368449,,0.000000,0.000000,reached
1025.400,STOP,True,0,-0.028906,0.367573,,0.000000,0.000000,reached
1025.500,STOP,True,0,-0.027344,0.369160,,0.000000,0.000000,reached
1025.600,STOP,True,0,-0.028906,0.368449,,0.000000,0.000000,reached
1025.700,STOP,True,0,-0.028906,0.368449,,0.000000,0.000000,reached
1025.800,STOP,True,0,-0.027344,0.369160,,0.000000,0.000000,reached
1025.900,STOP,True,0,-0.027344,0.369160,,0.000000,0.000000,reached
1026.000,STOP,True,0,-0.028906,0.368449,,0.000000,0.000000,reached
1026.100,STOP,True,0,-0.027344,0.369160,,0.000000,0.000000,reached
1026.200,STOP,True,0,-0.028125,0.369059,,0.000000,0.000000,reached
1026.300,STOP,True,0,-0.028906,0.368449,,0.000000,0.000000,reached
1026.400,STOP,True,0,-0.027344,0.369160,,0.000000,0.000000,reached
1026.500,STOP,True,0,-0.027344,0.369160,,0.000000,0.000000,reached
1026.600,STOP,True,0,-0.028906,0.368449,,0.000000,0.000000,reached
1026.700,STOP,True,0,-0.027344,0.369160,,0.000000,0.000000,reached
1026.800,STOP,True,0,-0.027344,0.369160,,0.000000,0.000000,reached
1026.900,STOP,True,0,-0.028906,0.368449,,0.000000,0.000000,reached
1027.000,STOP,True,0,-0.027344,0.369160,,0.000000,0.000000,reached
1027.100,STOP,True,0,-0.027344,0.369160,,0.000000,0.000000,reached
1027.200,STOP,True,0,-0.028906,0.368449,,0.000000,0.000000,reached
1027.300,STOP,True,0,-0.027344,0.369160,,0.000000,0.000000,reached
1027.400,STOP,True,0,-0.028906,0.368449,,0.000000,0.000000,reached
1027.500,STOP,True,0,-0.028125,0.369059,,0.000000,0.000000,reached
1027.600,STOP,True,0,-0.027344,0.369160,,0.000000,0.000000,reached
1027.700,STOP,True,0,-0.028906,0.368449,,0.000000,0.000000,reached
1027.800,STOP,True,0,-0.027344,0.369160,,0.000000,0.000000,reached
1027.900,STOP,True,0,-0.028125,0.369059,,0.000000,0.000000,reached
1028.000,STOP,True,0,-0.028906,0.368449,,0.000000,0.000000,reached
1028.100,STOP,True,0,-0.027344,0.369160,,0.000000,0.000000,reached
1028.200,STOP,True,0,-0.028906,0.368449,,0.000000,0.000000,reached
1028.300,STOP,True,0,-0.028125,0.369059,,0.000000,0.000000,reached
1028.400,STOP,True,0,-0.027344,0.369160,,0.000000,0.000000,reached
1028.500,STOP,True,0,-0.028125,0.369059,,0.000000,0.000000,reached
1028.600,STOP,True,0,-0.028125,0.369059,,0.000000,0.000000,reached
1028.700,STOP,True,0,-0.027344,0.369160,,0.000000,0.000000,reached
1028.800,STOP,True,0,-0.028125,0.369059,,0.000000,0.000000,reached
1028.900,STOP,True,0,-0.027344,0.369160,,0.000000,0.000000,reached
1029.000,STOP,True,0,-0.028125,0.369059,,0.000000,0.000000,reached
1029.100,STOP,True,0,-0.028125,0.369059,,0.000000,0.000000,reached
1029.200,STOP,True,0,-0.027344,0.369160,,0.000000,0.000000,reached
1029.300,STOP,True,0,-0.028125,0.369059,,0.000000,0.000000,reached
1029.400,STOP,True,0,-0.028125,0.369059,,0.000000,0.000000,reached
1029.500,STOP,True,0,-0.027344,0.369160,,0.000000,0.000000,reached
1029.600,STOP,True,0,-0.028125,0.369059,,0.000000,0.000000,reached
1029.700,STOP,True,0,-0.028125,0.369059,,0.000000,0.000000,reached
1029.800,STOP,True,0,-0.027344,0.369160,,0.000000,0.000000,reached
1029.900,STOP,True,0,-0.028125,0.369059,,0.000000,0.000000,reached
1030.000,STOP,True,0,-0.028906,0.368449,,0.000000,0.000000,reached
1030.100,STOP,True,0,-0.027344,0.369160,,0.000000,0.000000,reached
1030.200,STOP,True,0,-0.028125,0.369059,,0.000000,0.000000,reached
1030.300,STOP,True,0,-0.028906,0.368449,,0.000000,0.000000,reached
1030.400,STOP,True,0,-0.027344,0.369160,,0.000000,0.000000,reached
1030.500,STOP,True,0,-0.028125,0.369059,,0.000000,0.000000,reached
1030.600,STOP,True,0,-0.028125,0.369059,,0.000000,0.000000,reached
1030.700,STOP,True,0,-0.028125,0.369059,,0.000000,0.000000,reached
1030.800,STOP,True,0,-0.028125,0.369059,,0.000000,0.000000,reached
1030.900,STOP,True,0,-0.028125,0.369059,,0.000000,0.000000,reached
1031.000,STOP,True,0,-0.028125,0.369059,,0.000000,0.000000,reached
1031.100,STOP,True,0,-0.028906,0.368449,,0.000000,0.000000,reached
1031.200,STOP,True,0,-0.028125,0.369059,,0.000000,0.000000,reached
1031.300,STOP,True,0,-0.027344,0.369160,,0.000000,0.000000,reached
1031.400,STOP,True,0,-0.028125,0.369059,,0.000000,0.000000,reached
1031.500,STOP,True,0,-0.028125,0.369059,,0.000000,0.000000,reached
1031.600,STOP,True,0,-0.028125,0.369059,,0.000000,0.000000,reached
1031.700,STOP,True,0,-0.028125,0.369059,,0.000000,0.000000,reached
1031.800,STOP,True,0,-0.028125,0.369059,,0.000000,0.000000,reached
1031.900,STOP,True,0,-0.027344,0.369160,,0.000000,0.000000,reached
1032.000,STOP,True,0,-0.028125,0.369059,,0.000000,0.000000,reached
1032.100,STOP,True,0,-0.028125,0.369059,,0.000000,0.000000,reached
1032.200,STOP,True,0,-0.028125,0.369059,,0.000000,0.000000,reached
1032.300,STOP,True,0,-0.028125,0.369059,,0.000000,0.000000,reached
1032.400,STOP,True,0,-0.028125,0.369059,,0.000000,0.000000,reached
1032.500,STOP,True,0,-0.028125,0.369059,,0.000000,0.000000,reached
1032.600,STOP,True,0,-0.028125,0.369059,,0.000000,0.000000,reached
1032.700,STOP,True,0,-0.028125,0.369059,,0.000000,0.000000,reached
1032.800,STOP,True,0,-0.028125,0.369059,,0.000000,0.000000,reached
1032.900,STOP,True,0,-0.027344,0.369160,,0.000000,0.000000,reached
1033.000,STOP,True,0,-0.028125,0.369059,,0.000000,0.000000,reached
1033.100,STOP,True,0,-0.028125,0.369059,,0.000000,0.000000,reached
1033.200,STOP,True,0,-0.028125,0.369059,,0.000000,0.000000,reached
1033.300,STOP,True,0,-0.028125,0.369059,,0.000000,0.000000,reached
1033.400,STOP,True,0,-0.028125,0.369059,,0.000000,0.000000,reached
1033.500,STOP,True,0,-0.028125,0.369059,,0.000000,0.000000,reached
1033.600,STOP,True,0,-0.028125,0.369059,,0.000000,0.000000,reached
1033.700,STOP,True,0,-0.028125,0.369059,,0.000000,0.000000,reached
1033.800,STOP,True,0,-0.028125,0.369059,,0.000000,0.000000,reached
1033.900,STOP,True,0,-0.028125,0.369059,,0.000000,0.000000,reached
1034.000,STOP,True,0,-0.028125,0.369059,,0.000000,0.000000,reached
1034.100,STOP,True,0,-0.028125,0.369059,,0.000000,0.000000,reached
1034.200,STOP,True,0,-0.028125,0.369059,,0.000000,0.000000,reached
1034.300,STOP,True,0,-0.028125,0.369059,,0.000000,0.000000,reached
1034.400,STOP,True,0,-0.028125,0.369059,,0.000000,0.000000,reached
1034.500,STOP,True,0,-0.028125,0.369059,,0.000000,0.000000,reached
1034.600,STOP,True,0,-0.028125,0.369059,,0.000000,0.000000,reached
1034.700,STOP,True,0,-0.028125,0.369059,,0.000000,0.000000,reached
1034.800,STOP,True,0,-0.028125,0.369059,,0.000000,0.000000,reached
1034.900,STOP,True,0,-0.028125,0.369059,,0.000000,0.000000,reached
1035.000,STOP,True,0,-0.028125,0.369059,,0.000000,0.000000,reached
1035.100,STOP,True,0,-0.027344,0.369160,,0.000000,0.000000,reached
1035.200,STOP,True,0,-0.028125,0.369059,,0.000000,0.000000,reached
1035.300,STOP,True,0,-0.028125,0.369059,,0.000000,0.000000,reached
1035.400,STOP,True,0,-0.028125,0.369059,,0.000000,0.000000,reached
1035.500,STOP,True,0,-0.028125,0.369059,,0.000000,0.000000,reached
1035.600,STOP,True,0,-0.028125,0.369059,,0.000000,0.000000,reached
1035.700,STOP,True,0,-0.028125,0.369059,,0.000000,0.000000,reached
1035.800,STOP,True,0,-0.028125,0.369059,,0.000000,0.000000,reached
1035.900,STOP,True,0,-0.028125,0.369059,,0.000000,0.000000,reached
1036.000,STOP,True,0,-0.027344,0.369160,,0.000000,0.000000,reached
1036.100,STOP,True,0,-0.028125,0.369059,,0.000000,0.000000,reached
1036.200,STOP,True,0,-0.028125,0.369059,,0.000000,0.000000,reached
1036.300,STOP,True,0,-0.028125,0.369059,,0.000000,0.000000,reached
1036.400,STOP,True,0,-0.028125,0.369059,,0.000000,0.000000,reached
1036.500,STOP,True,0,-0.028125,0.369059,,0.000000,0.000000,reached
1036.600,STOP,True,0,-0.028125,0.369059,,0.000000,0.000000,reached
1036.700,STOP,True,0,-0.028125,0.369059,,0.000000,0.000000,reached
1036.800,STOP,True,0,-0.028125,0.369059,,0.000000,0.000000,reached
1036.900,STOP,True,0,-0.028125,0.369059,,0.000000,0.000000,reached
1037.000,STOP,True,0,-0.028125,0.369059,,0.000000,0.000000,reached
1037.100,STOP,True,0,-0.028125,0.369059,,0.000000,0.000000,reached
1037.200,STOP,True,0,-0.028125,0.369059,,0.000000,0.000000,reached
1037.300,STOP,True,0,-0.028125,0.369059,,0.000000,0.000000,reached
1037.400,STOP,True,0,-0.028125,0.369059,,0.000000,0.000000,reached
1037.500,STOP,True,0,-0.028125,0.369059,,0.000000,0.000000,reached
1037.600,STOP,True,0,-0.028125,0.369059,,0.000000,0.000000,reached
1037.700,STOP,True,0,-0.028125,0.369059,,0.000000,0.000000,reached
1037.800,STOP,True,0,-0.028125,0.369059,,0.000000,0.000000,reached
1037.900,STOP,True,0,-0.028125,0.369059,,0.000000,0.000000,reached
1038.000,STOP,True,0,-0.028125,0.369059,,0.000000,0.000000,reached
1038.100,STOP,True,0,-0.028125,0.369059,,0.000000,0.000000,reached
1038.200,STOP,True,0,-0.028125,0.369059,,0.000000,0.000000,reached
1038.300,STOP,True,0,-0.028125,0.369059,,0.000000,0.000000,reached
1038.400,STOP,True,0,-0.028125,0.369059,,0.000000,0.000000,reached
1038.500,STOP,True,0,-0.028125,0.369059,,0.000000,0.000000,reached
1038.600,STOP,True,0,-0.028125,0.369059,,0.000000,0.000000,reached
1038.700,STOP,True,0,-0.028125,0.369059,,0.000000,0.000000,reached
1038.800,STOP,True,0,-0.028125,0.369059,,0.000000,0.000000,reached
1038.900,STOP,True,0,-0.028125,0.369059,,0.000000,0.000000,reached
1039.000,STOP,True,0,-0.027344,0.369283,,0.000000,0.000000,reached
1039.100,STOP,True,0,-0.028125,0.369059,,0.000000,0.000000,reached
1039.200,STOP,True,0,-0.028125,0.369059,,0.000000,0.000000,reached
1039.300,STOP,True,0,-0.028125,0.369059,,0.000000,0.000000,reached
1039.400,STOP,True,0,-0.028125,0.369059,,0.000000,0.000000,reached
1039.500,STOP,True,0,-0.028125,0.369059,,0.000000,0.000000,reached
1039.600,STOP,True,0,-0.028125,0.369059,,0.000000,0.000000,reached
1039.700,STOP,True,0,-0.028125,0.369059,,0.000000,0.000000,reached
1039.800,STOP,True,0,-0.028125,0.369059,,0.000000,0.000000,reached
1039.900,STOP,True,0,-0.028125,0.369059,,0.000000,0.000000,reached
1040.000,STOP,True,0,-0.028125,0.369059,,0.000000,0.000000,reached
1040.100,STOP,True,0,-0.028125,0.369059,,0.000000,0.000000,reached
1040.200,STOP,True,0,-0.028125,0.369059,,0.000000,0.000000,reached
1040.300,STOP,True,0,-0.028906,0.368449,,0.000000,0.000000,reached
1040.400,STOP,True,0,-0.028125,0.369059,,0.000000,0.000000,reached
1040.500,STOP,True,0,-0.028125,0.369059,,0.000000,0.000000,reached
1040.600,STOP,True,0,-0.028906,0.368449,,0.000000,0.000000,reached
1040.700,STOP,True,0,-0.028125,0.369059,,0.000000,0.000000,reached
1040.800,STOP,True,0,-0.028125,0.369059,,0.000000,0.000000,reached
1040.900,STOP,True,0,-0.028125,0.369059,,0.000000,0.000000,reached
1041.000,STOP,True,0,-0.028125,0.369059,,0.000000,0.000000,reached
1041.100,STOP,True,0,-0.028125,0.369059,,0.000000,0.000000,reached
1041.200,STOP,True,0,-0.028125,0.369059,,0.000000,0.000000,reached
1041.300,STOP,True,0,-0.028125,0.369059,,0.000000,0.000000,reached
1041.400,STOP,True,0,-0.028125,0.369059,,0.000000,0.000000,reached
1041.500,STOP,True,0,-0.028125,0.369059,,0.000000,0.000000,reached
1041.600,STOP,True,0,-0.028125,0.369059,,0.000000,0.000000,reached
1041.700,STOP,True,0,-0.028125,0.369059,,0.000000,0.000000,reached
1041.800,STOP,True,0,-0.028906,0.368449,,0.000000,0.000000,reached
1041.900,STOP,True,0,-0.028125,0.369059,,0.000000,0.000000,reached
1042.000,STOP,True,0,-0.028125,0.369059,,0.000000,0.000000,reached
1042.100,STOP,True,0,-0.028125,0.369059,,0.000000,0.000000,reached
1042.200,STOP,True,0,-0.028125,0.369059,,0.000000,0.000000,reached
1042.300,STOP,True,0,-0.028125,0.369059,,0.000000,0.000000,reached
1042.400,STOP,True,0,-0.028125,0.369059,,0.000000,0.000000,reached
1042.500,STOP,True,0,-0.028125,0.369059,,0.000000,0.000000,reached
1042.600,STOP,True,0,-0.028125,0.369059,,0.000000,0.000000,reached
1042.700,STOP,True,0,-0.028906,0.368449,,0.000000,0.000000,reached
1042.800,STOP,True,0,-0.028125,0.369059,,0.000000,0.000000,reached
1042.900,STOP,True,0,-0.028125,0.369059,,0.000000,0.000000,reached
1043.000,STOP,True,0,-0.028125,0.369059,,0.000000,0.000000,reached
1043.100,STOP,True,0,-0.028125,0.369059,,0.000000,0.000000,reached
1043.200,STOP,True,0,-0.028125,0.369059,,0.000000,0.000000,reached
1043.300,STOP,True,0,-0.028125,0.369059,,0.000000,0.000000,reached
1043.400,STOP,True,0,-0.028125,0.369059,,0.000000,0.000000,reached
1043.500,STOP,True,0,-0.028125,0.369059,,0.000000,0.000000,reached
1043.600,STOP,True,0,-0.028125,0.369059,,0.000000,0.000000,reached
1043.700,STOP,True,0,-0.028125,0.369059,,0.000000,0.000000,reached
1043.800,STOP,True,0,-0.028906,0.368449,,0.000000,0.000000,reached
1043.900,STOP,True,0,-0.028125,0.369059,,0.000000,0.000000,reached
1044.000,STOP,True,0,-0.028125,0.369059,,0.000000,0.000000,reached
1044.100,STOP,True,0,-0.028125,0.369059,,0.000000,0.000000,reached
1044.200,STOP,True,0,-0.028125,0.369059,,0.000000,0.000000,reached
1044.300,STOP,True,0,-0.028125,0.369059,,0.000000,0.000000,reached
1044.400,STOP,True,0,-0.028125,0.369059,,0.000000,0.000000,reached
1044.500,STOP,True,0,-0.028125,0.369059,,0.000000,0.000000,reached
1044.600,STOP,True,0,-0.028125,0.369059,,0.000000,0.000000,reached
1044.700,STOP,True,0,-0.028125,0.369059,,0.000000,0.000000,reached
1044.800,STOP,True,0,-0.028125,0.369059,,0.000000,0.000000,reached
1044.900,STOP,True,0,-0.028906,0.368449,,0.000000,0.000000,reached
1045.000,STOP,True,0,-0.028125,0.369059,,0.000000,0.000000,reached
1045.100,STOP,True,0,-0.028125,0.369059,,0.000000,0.000000,reached
1045.200,STOP,True,0,-0.028125,0.369059,,0.000000,0.000000,reached
1045.300,STOP,True,0,-0.028125,0.369059,,0.000000,0.000000,reached
1045.400,STOP,True,0,-0.028125,0.369059,,0.000000,0.000000,reached
1045.500,STOP,True,0,-0.028125,0.368851,,0.000000,0.000000,reached
1045.600,STOP,True,0,-0.028125,0.369059,,0.000000,0.000000,reached
1045.700,STOP,True,0,-0.028125,0.369059,,0.000000,0.000000,reached
1045.800,STOP,True,0,-0.028125,0.369059,,0.000000,0.000000,reached
1045.900,STOP,True,0,-0.028125,0.369059,,0.000000,0.000000,reached
1046.000,STOP,True,0,-0.028125,0.369059,,0.000000,0.000000,reached
1046.100,STOP,True,0,-0.028125,0.369059,,0.000000,0.000000,reached
1046.200,STOP,True,0,-0.028125,0.369059,,0.000000,0.000000,reached
1046.300,STOP,True,0,-0.028125,0.369059,,0.000000,0.000000,reached
1046.400,STOP,True,0,-0.028125,0.369059,,0.000000,0.000000,reached
1046.500,STOP,True,0,-0.028125,0.369059,,0.000000,0.000000,reached
1046.600,STOP,True,0,-0.028125,0.369059,,0.000000,0.000000,reached
1046.700,STOP,True,0,-0.028125,0.369059,,0.000000,0.000000,reached
1046.800,STOP,True,0,-0.028125,0.369059,,0.000000,0.000000,reached
1046.900,STOP,True,0,-0.028125,0.369059,,0.000000,0.000000,reached
1047.000,STOP,True,0,-0.028125,0.369059,,0.000000,0.000000,reached
1047.100,STOP,True,0,-0.028125,0.369059,,0.000000,0.000000,reached
1047.200,STOP,True,0,-0.028125,0.369059,,0.000000,0.000000,reached
1047.300,STOP,True,0,-0.028125,0.369059,,0.000000,0.000000,reached
1047.400,STOP,True,0,-0.028906,0.368449,,0.000000,0.000000,reached
1047.500,STOP,True,0,-0.028125,0.369059,,0.000000,0.000000,reached
1047.600,STOP,True,0,-0.028125,0.369059,,0.000000,0.000000,reached
1047.700,STOP,True,0,-0.028125,0.369059,,0.000000,0.000000,reached
1047.800,STOP,True,0,-0.028125,0.369059,,0.000000,0.000000,reached
1047.900,STOP,True,0,-0.028125,0.369059,,0.000000,0.000000,reached
1048.000,STOP,True,0,-0.028906,0.368449,,0.000000,0.000000,reached
1048.100,STOP,True,0,-0.028125,0.369059,,0.000000,0.000000,reached
1048.200,STOP,True,0,-0.028125,0.369059,,0.000000,0.000000,reached
1048.300,STOP,True,0,-0.028125,0.369059,,0.000000,0.000000,reached
1048.400,STOP,True,0,-0.028125,0.369059,,0.000000,0.000000,reached
1048.500,STOP,True,0,-0.028125,0.369059,,0.000000,0.000000,reached
1048.600,STOP,True,0,-0.028906,0.368449,,0.000000,0.000000,reached
1048.700,STOP,True,0,-0.028125,0.369059,,0.000000,0.000000,reached
1048.800,STOP,True,0,-0.028125,0.369059,,0.000000,0.000000,reached
1048.900,STOP,True,0,-0.028125,0.369059,,0.000000,0.000000,reached
1049.000,STOP,True,0,-0.028125,0.369059,,0.000000,0.000000,reached
1049.100,STOP,True,0,-0.028906,0.368449,,0.000000,0.000000,reached
1049.200,STOP,True,0,-0.028125,0.369059,,0.000000,0.000000,reached
1049.300,STOP,True,0,-0.028125,0.369059,,0.000000,0.000000,reached
1049.400,STOP,True,0,-0.028125,0.369059,,0.000000,0.000000,reached
1049.500,STOP,True,0,-0.028125,0.369059,,0.000000,0.000000,reached
1049.600,STOP,True,0,-0.028906,0.368449,,0.000000,0.000000,reached
1049.700,STOP,True,0,-0.028125,0.369059,,0.000000,0.000000,reached
1049.800,STOP,True,0,-0.028125,0.369059,,0.000000,0.000000,reached
1049.900,STOP,True,0,-0.028125,0.369059,,0.000000,0.000000,reached
1050.000,STOP,True,0,-0.028125,0.369059,,0.000000,0.000000,reached
1050.100,STOP,True,0,-0.028125,0.369059,,0.000000,0.000000,reached
1050.200,STOP,True,0,-0.028125,0.369059,,0.000000,0.000000,reached
1050.300,STOP,True,0,-0.028125,0.369059,,0.000000,0.000000,reached
1050.400,STOP,True,0,-0.028125,0.369059,,0.000000,0.000000,reached
1050.500,STOP,True,0,-0.028125,0.369059,,0.000000,0.000000,reached
1050.600,STOP,True,0,-0.028125,0.369059,,0.000000,0.000000,reached
1050.700,STOP,True,0,-0.028125,0.369059,,0.000000,0.000000,reached
1050.800,STOP,True,0,-0.028125,0.369059,,0.000000,0.000000,reached
1050.900,STOP,True,0,-0.028125,0.369059,,0.000000,0.000000,reached
1051.000,STOP,True,0,-0.028125,0.369059,,0.000000,0.000000,reached
1051.100,STOP,True,0,-0.028125,0.369059,,0.000000,0.000000,reached
1051.200,STOP,True,0,-0.028125,0.369059,,0.000000,0.000000,reached
1051.300,STOP,True,0,-0.028125,0.369059,,0.000000,0.000000,reached
1051.400,STOP,True,0,-0.028125,0.369059,,0.000000,0.000000,reached
1051.500,STOP,True,0,-0.028125,0.369059,,0.000000,0.000000,reached
1051.600,STOP,True,0,-0.028125,0.369059,,0.000000,0.000000,reached
1051.700,STOP,True,0,-0.028125,0.369059,,0.000000,0.000000,reached
1051.800,STOP,True,0,-0.028125,0.369059,,0.000000,0.000000,reached
1051.900,STOP,True,0,-0.028125,0.369059,,0.000000,0.000000,reached
1052.000,STOP,True,0,-0.028125,0.369059,,0.000000,0.000000,reached
1052.100,STOP,True,0,-0.028125,0.369059,,0.000000,0.000000,reached
1052.200,STOP,True,0,-0.028125,0.369059,,0.000000,0.000000,reached
1052.300,STOP,True,0,-0.028125,0.369059,,0.000000,0.000000,reached
1052.400,STOP,True,0,-0.028125,0.369059,,0.000000,0.000000,reached
1052.500,STOP,True,0,-0.028125,0.369059,,0.000000,0.000000,reached
1052.600,STOP,True,0,-0.028125,0.369059,,0.000000,0.000000,reached
1052.700,STOP,True,0,-0.028125,0.369059,,0.000000,0.000000,reached
1052.800,STOP,True,0,-0.028125,0.369059,,0.000000,0.000000,reached
1052.900,STOP,True,0,-0.028125,0.369059,,0.000000,0.000000,reached
1053.000,STOP,True,0,-0.028125,0.369059,,0.000000,0.000000,reached
1053.100,STOP,True,0,-0.028125,0.369059,,0.000000,0.000000,reached
1053.200,STOP,True,0,-0.028125,0.369059,,0.000000,0.000000,reached
1053.300,STOP,True,0,-0.028125,0.369059,,0.000000,0.000000,reached
1053.400,STOP,True,0,-0.028125,0.369059,,0.000000,0.000000,reached
1053.500,STOP,True,0,-0.028125,0.369059,,0.000000,0.000000,reached
1053.600,STOP,True,0,-0.028125,0.369059,,0.000000,0.000000,reached
1053.700,STOP,True,0,-0.028125,0.369059,,0.000000,0.000000,reached
1053.800,STOP,True,0,-0.028125,0.369059,,0.000000,0.000000,reached
1053.900,STOP,True,0,-0.027344,0.369631,,0.000000,0.000000,reached
1054.000,STOP,True,0,-0.028125,0.369059,,0.000000,0.000000,reached
1054.100,STOP,True,0,-0.028125,0.369059,,0.000000,0.000000,reached
1054.200,STOP,True,0,-0.028125,0.369059,,0.000000,0.000000,reached
1054.300,STOP,True,0,-0.028125,0.369059,,0.000000,0.000000,reached
1054.400,STOP,True,0,-0.028125,0.369059,,0.000000,0.000000,reached
1054.500,STOP,True,0,-0.028125,0.369059,,0.000000,0.000000,reached
1054.600,STOP,True,0,-0.028125,0.369059,,0.000000,0.000000,reached
1054.700,STOP,True,0,-0.028125,0.369059,,0.000000,0.000000,reached
1054.800,STOP,True,0,-0.028125,0.369059,,0.000000,0.000000,reached
1054.900,STOP,True,0,-0.028125,0.369059,,0.000000,0.000000,reached
1055.000,STOP,True,0,-0.028125,0.369953,,0.000000,0.000000,reached
1055.100,STOP,True,0,-0.028125,0.369059,,0.000000,0.000000,reached
1055.200,STOP,True,0,-0.028125,0.369059,,0.000000,0.000000,reached
1055.300,STOP,True,0,-0.028125,0.369059,,0.000000,0.000000,reached
1055.400,STOP,True,0,-0.028125,0.369059,,0.000000,0.000000,reached
1055.500,STOP,True,0,-0.028125,0.369059,,0.000000,0.000000,reached
1055.600,STOP,True,0,-0.028125,0.369059,,0.000000,0.000000,reached
1055.700,STOP,True,0,-0.028125,0.369059,,0.000000,0.000000,reached
1055.800,STOP,True,0,-0.028125,0.369059,,0.000000,0.000000,reached
1055.900,STOP,True,0,-0.028125,0.369059,,0.000000,0.000000,reached
1056.000,STOP,True,0,-0.028125,0.369059,,0.000000,0.000000,reached
1056.100,STOP,True,0,-0.028125,0.369059,,0.000000,0.000000,reached
1056.200,STOP,True,0,-0.028125,0.369059,,0.000000,0.000000,reached
1056.300,STOP,True,0,-0.028125,0.369059,,0.000000,0.000000,reached
1056.400,STOP,True,0,-0.028125,0.369953,,0.000000,0.000000,reached
1056.500,STOP,True,0,-0.028125,0.369953,,0.000000,0.000000,reached
1056.600,STOP,True,0,-0.028125,0.369059,,0.000000,0.000000,reached
1056.700,STOP,True,0,-0.028125,0.369059,,0.000000,0.000000,reached
1056.800,STOP,True,0,-0.028125,0.369953,,0.000000,0.000000,reached
1056.900,STOP,True,0,-0.027344,0.369160,,0.000000,0.000000,reached
1057.000,STOP,True,0,-0.028125,0.369059,,0.000000,0.000000,reached
1057.100,STOP,True,0,-0.028125,0.369059,,0.000000,0.000000,reached
1057.200,STOP,True,0,-0.028125,0.369059,,0.000000,0.000000,reached
1057.300,STOP,True,0,-0.028125,0.369059,,0.000000,0.000000,reached
1057.400,STOP,True,0,-0.028125,0.369059,,0.000000,0.000000,reached
1057.500,STOP,True,0,-0.028125,0.369059,,0.000000,0.000000,reached
1057.600,STOP,True,0,-0.028125,0.369059,,0.000000,0.000000,reached
1057.700,STOP,True,0,-0.028125,0.369059,,0.000000,0.000000,reached
1057.800,STOP,True,0,-0.028125,0.369059,,0.000000,0.000000,reached
1057.900,STOP,True,0,-0.027344,0.369160,,0.000000,0.000000,reached
1058.000,STOP,True,0,-0.028125,0.369059,,0.000000,0.000000,reached
1058.100,STOP,True,0,-0.028125,0.369059,,0.000000,0.000000,reached
1058.200,STOP,True,0,-0.027344,0.369160,,0.000000,0.000000,reached
1058.300,STOP,True,0,-0.028125,0.369059,,0.000000,0.000000,reached
1058.400,STOP,True,0,-0.028125,0.369059,,0.000000,0.000000,reached
1058.500,STOP,True,0,-0.027344,0.370046,,0.000000,0.000000,reached
1058.600,STOP,True,0,-0.028125,0.369059,,0.000000,0.000000,reached
1058.700,STOP,True,0,-0.028125,0.369059,,0.000000,0.000000,reached
1058.800,STOP,True,0,-0.026562,0.369749,,0.000000,0.000000,reached
1058.900,STOP,True,0,-0.028125,0.369059,,0.000000,0.000000,reached
1059.000,STOP,True,0,-0.028125,0.369059,,0.000000,0.000000,reached
1059.100,STOP,True,0,-0.027344,0.370046,,0.000000,0.000000,reached
1059.200,STOP,True,0,-0.028125,0.369059,,0.000000,0.000000,reached
1059.300,STOP,True,0,-0.028125,0.369059,,0.000000,0.000000,reached
1059.400,STOP,True,0,-0.028125,0.369059,,0.000000,0.000000,reached
1059.500,STOP,True,0,-0.028125,0.369953,,0.000000,0.000000,reached
1059.600,STOP,True,0,-0.028125,0.369059,,0.000000,0.000000,reached
1059.700,STOP,True,0,-0.027344,0.369631,,0.000000,0.000000,reached
1059.800,STOP,True,0,-0.028125,0.369059,,0.000000,0.000000,reached
1059.900,STOP,True,0,-0.028125,0.369953,,0.000000,0.000000,reached
1060.000,STOP,True,0,-0.027344,0.369160,,0.000000,0.000000,reached
1060.100,STOP,True,0,-0.028125,0.369059,,0.000000,0.000000,reached
1060.200,STOP,True,0,-0.027344,0.369160,,0.000000,0.000000,reached
1060.300,STOP,True,0,-0.028125,0.369059,,0.000000,0.000000,reached
1060.400,STOP,True,0,-0.028125,0.369953,,0.000000,0.000000,reached
1060.500,STOP,True,0,-0.027344,0.370046,,0.000000,0.000000,reached
1060.600,STOP,True,0,-0.027344,0.369841,,0.000000,0.000000,reached
1060.700,STOP,True,0,-0.028125,0.369953,,0.000000,0.000000,reached
1060.800,STOP,True,0,-0.028125,0.369953,,0.000000,0.000000,reached
1060.900,STOP,True,0,-0.028125,0.369059,,0.000000,0.000000,reached
1061.000,STOP,True,0,-0.028125,0.369059,,0.000000,0.000000,reached
1061.100,STOP,True,0,-0.028125,0.369953,,0.000000,0.000000,reached
1061.200,STOP,True,0,-0.027344,0.369160,,0.000000,0.000000,reached
1061.300,STOP,True,0,-0.028125,0.369059,,0.000000,0.000000,reached
1061.400,STOP,True,0,-0.027344,0.369160,,0.000000,0.000000,reached
1061.500,STOP,True,0,-0.028125,0.369953,,0.000000,0.000000,reached
1061.600,STOP,True,0,-0.028125,0.369953,,0.000000,0.000000,reached
1061.700,STOP,True,0,-0.027344,0.369631,,0.000000,0.000000,reached
1061.800,STOP,True,0,-0.028125,0.369059,,0.000000,0.000000,reached
1061.900,STOP,True,0,-0.028125,0.369953,,0.000000,0.000000,reached
1062.000,STOP,True,0,-0.028125,0.369953,,0.000000,0.000000,reached
1062.100,STOP,True,0,-0.028125,0.369059,,0.000000,0.000000,reached
1062.200,STOP,True,0,-0.028125,0.369059,,0.000000,0.000000,reached
1062.300,STOP,True,0,-0.028125,0.369953,,0.000000,0.000000,reached
1062.400,STOP,True,0,-0.028125,0.369953,,0.000000,0.000000,reached
1062.500,STOP,True,0,-0.028125,0.369059,,0.000000,0.000000,reached
1062.600,STOP,True,0,-0.028125,0.369228,,0.000000,0.000000,reached
1062.700,STOP,True,0,-0.028125,0.369953,,0.000000,0.000000,reached
1062.800,STOP,True,0,-0.028125,0.369953,,0.000000,0.000000,reached
1062.900,STOP,True,0,-0.027344,0.369841,,0.000000,0.000000,reached
1063.000,STOP,True,0,-0.028125,0.369059,,0.000000,0.000000,reached
1063.100,STOP,True,0,-0.028125,0.369953,,0.000000,0.000000,reached
1063.200,STOP,True,0,-0.027344,0.370046,,0.000000,0.000000,reached
1063.300,STOP,True,0,-0.028125,0.369059,,0.000000,0.000000,reached
1063.400,STOP,True,0,-0.028125,0.369953,,0.000000,0.000000,reached
1063.500,STOP,True,0,-0.027344,0.370046,,0.000000,0.000000,reached
1063.600,STOP,True,0,-0.028125,0.369059,,0.000000,0.000000,reached
1063.700,STOP,True,0,-0.028125,0.369228,,0.000000,0.000000,reached
1063.800,STOP,True,0,-0.027344,0.370046,,0.000000,0.000000,reached
1063.900,STOP,True,0,-0.028125,0.369953,,0.000000,0.000000,reached
1064.000,STOP,True,0,-0.028125,0.369228,,0.000000,0.000000,reached
1064.100,STOP,True,0,-0.028125,0.369228,,0.000000,0.000000,reached
1064.200,STOP,True,0,-0.028125,0.369953,,0.000000,0.000000,reached
1064.300,STOP,True,0,-0.027344,0.370046,,0.000000,0.000000,reached
1064.400,STOP,True,0,-0.027344,0.370046,,0.000000,0.000000,reached
1064.500,STOP,True,0,-0.028125,0.369953,,0.000000,0.000000,reached
1064.600,STOP,True,0,-0.028125,0.369953,,0.000000,0.000000,reached
1064.700,STOP,True,0,-0.028125,0.369059,,0.000000,0.000000,reached
1064.800,STOP,True,0,-0.028125,0.369953,,0.000000,0.000000,reached
1064.900,STOP,True,0,-0.027344,0.370046,,0.000000,0.000000,reached
1065.000,STOP,True,0,-0.028125,0.369059,,0.000000,0.000000,reached
1065.100,STOP,True,0,-0.028125,0.369953,,0.000000,0.000000,reached
1065.200,STOP,True,0,-0.028125,0.369953,,0.000000,0.000000,reached
1065.300,STOP,True,0,-0.028125,0.369953,,0.000000,0.000000,reached
1065.400,STOP,True,0,-0.027344,0.370046,,0.000000,0.000000,reached
1065.500,STOP,True,0,-0.028125,0.369059,,0.000000,0.000000,reached
1065.600,STOP,True,0,-0.028125,0.369059,,0.000000,0.000000,reached
1065.700,STOP,True,0,-0.028125,0.369953,,0.000000,0.000000,reached
1065.800,STOP,True,0,-0.028125,0.369953,,0.000000,0.000000,reached
1065.900,STOP,True,0,-0.028125,0.369953,,0.000000,0.000000,reached
1066.000,STOP,True,0,-0.028125,0.369059,,0.000000,0.000000,reached
1066.100,STOP,True,0,-0.028125,0.369953,,0.000000,0.000000,reached
1066.200,STOP,True,0,-0.027344,0.370177,,0.000000,0.000000,reached
1066.300,STOP,True,0,-0.028125,0.369953,,0.000000,0.000000,reached
1066.400,STOP,True,0,-0.028125,0.369953,,0.000000,0.000000,reached
1066.500,STOP,True,0,-0.027344,0.370177,,0.000000,0.000000,reached
1066.600,STOP,True,0,-0.028125,0.369953,,0.000000,0.000000,reached
1066.700,STOP,True,0,-0.028125,0.369953,,0.000000,0.000000,reached
1066.800,STOP,True,0,-0.028125,0.369953,,0.000000,0.000000,reached
1066.900,STOP,True,0,-0.028125,0.369953,,0.000000,0.000000,reached
1067.000,STOP,True,0,-0.027344,0.370046,,0.000000,0.000000,reached
1067.100,STOP,True,0,-0.028125,0.370108,,0.000000,0.000000,reached
1067.200,STOP,True,0,-0.028125,0.369953,,0.000000,0.000000,reached
1067.300,STOP,True,0,-0.028125,0.369953,,0.000000,0.000000,reached
1067.400,STOP,True,0,-0.028125,0.369953,,0.000000,0.000000,reached
1067.500,STOP,True,0,-0.028125,0.370108,,0.000000,0.000000,reached
1067.600,STOP,True,0,-0.028125,0.369953,,0.000000,0.000000,reached
1067.700,STOP,True,0,-0.028125,0.369953,,0.000000,0.000000,reached
1067.800,STOP,True,0,-0.027344,0.370046,,0.000000,0.000000,reached
1067.900,STOP,True,0,-0.028125,0.370108,,0.000000,0.000000,reached
1068.000,STOP,True,0,-0.028125,0.370108,,0.000000,0.000000,reached
1068.100,STOP,True,0,-0.028125,0.369953,,0.000000,0.000000,reached
1068.200,STOP,True,0,-0.028125,0.369953,,0.000000,0.000000,reached
1068.300,STOP,True,0,-0.027344,0.370177,,0.000000,0.000000,reached
1068.400,STOP,True,0,-0.028125,0.369953,,0.000000,0.000000,reached
1068.500,STOP,True,0,-0.028125,0.369953,,0.000000,0.000000,reached
1068.600,STOP,True,0,-0.028125,0.369953,,0.000000,0.000000,reached
1068.700,STOP,True,0,-0.028125,0.370108,,0.000000,0.000000,reached
1068.800,STOP,True,0,-0.028125,0.369953,,0.000000,0.000000,reached
1068.900,STOP,True,0,-0.028125,0.369953,,0.000000,0.000000,reached
1069.000,STOP,True,0,-0.028125,0.369953,,0.000000,0.000000,reached
1069.100,STOP,True,0,-0.028125,0.369953,,0.000000,0.000000,reached
1069.200,STOP,True,0,-0.028125,0.369953,,0.000000,0.000000,reached
1069.300,STOP,True,0,-0.028125,0.369953,,0.000000,0.000000,reached
1069.400,STOP,True,0,-0.028125,0.369059,,0.000000,0.000000,reached
1069.500,STOP,True,0,-0.028125,0.369953,,0.000000,0.000000,reached
1069.600,STOP,True,0,-0.028125,0.369953,,0.000000,0.000000,reached
1069.700,STOP,True,0,-0.028125,0.369953,,0.000000,0.000000,reached
1069.800,STOP,True,0,-0.028125,0.369953,,0.000000,0.000000,reached
1069.900,STOP,True,0,-0.028125,0.369953,,0.000000,0.000000,reached
1070.000,STOP,True,0,-0.028125,0.370108,,0.000000,0.000000,reached
1070.100,STOP,True,0,-0.028125,0.369953,,0.000000,0.000000,reached
1070.200,STOP,True,0,-0.028125,0.369953,,0.000000,0.000000,reached
1070.300,STOP,True,0,-0.028125,0.370108,,0.000000,0.000000,reached
1070.400,STOP,True,0,-0.028125,0.370108,,0.000000,0.000000,reached
1070.500,STOP,True,0,-0.028125,0.369953,,0.000000,0.000000,reached
1070.600,STOP,True,0,-0.028125,0.369953,,0.000000,0.000000,reached
1070.700,STOP,True,0,-0.028125,0.369953,,0.000000,0.000000,reached
1070.800,STOP,True,0,-0.028125,0.369953,,0.000000,0.000000,reached
1070.900,STOP,True,0,-0.028125,0.369953,,0.000000,0.000000,reached
1071.000,STOP,True,0,-0.028125,0.369953,,0.000000,0.000000,reached
1071.100,STOP,True,0,-0.028125,0.369059,,0.000000,0.000000,reached
1071.200,STOP,True,0,-0.027344,0.370046,,0.000000,0.000000,reached
1071.300,STOP,True,0,-0.028125,0.369953,,0.000000,0.000000,reached
1071.400,STOP,True,0,-0.028125,0.369953,,0.000000,0.000000,reached
1071.500,STOP,True,0,-0.028125,0.369953,,0.000000,0.000000,reached
1071.600,STOP,True,0,-0.028125,0.369953,,0.000000,0.000000,reached
1071.700,STOP,True,0,-0.028125,0.370108,,0.000000,0.000000,reached
1071.800,STOP,True,0,-0.028125,0.369953,,0.000000,0.000000,reached
1071.900,STOP,True,0,-0.028125,0.369953,,0.000000,0.000000,reached
1072.000,STOP,True,0,-0.028125,0.370108,,0.000000,0.000000,reached
1072.100,STOP,True,0,-0.028125,0.370079,,0.000000,0.000000,reached
1072.200,STOP,True,0,-0.028125,0.370108,,0.000000,0.000000,reached
1072.300,STOP,True,0,-0.028125,0.370108,,0.000000,0.000000,reached
1072.400,STOP,True,0,-0.028125,0.369953,,0.000000,0.000000,reached
1072.500,STOP,True,0,-0.028125,0.369059,,0.000000,0.000000,reached
1072.600,STOP,True,0,-0.028125,0.370108,,0.000000,0.000000,reached
1072.700,STOP,True,0,-0.028125,0.369953,,0.000000,0.000000,reached
1072.800,STOP,True,0,-0.028125,0.369059,,0.000000,0.000000,reached
1072.900,STOP,True,0,-0.028125,0.369953,,0.000000,0.000000,reached
1073.000,STOP,True,0,-0.028125,0.369953,,0.000000,0.000000,reached
1073.100,STOP,True,0,-0.028125,0.370108,,0.000000,0.000000,reached
1073.200,STOP,True,0,-0.028125,0.370079,,0.000000,0.000000,reached
1073.300,STOP,True,0,-0.028125,0.369953,,0.000000,0.000000,reached
1073.400,STOP,True,0,-0.028125,0.370108,,0.000000,0.000000,reached
1073.500,STOP,True,0,-0.028125,0.369953,,0.000000,0.000000,reached
1073.600,STOP,True,0,-0.028125,0.369953,,0.000000,0.000000,reached
1073.700,STOP,True,0,-0.028125,0.369059,,0.000000,0.000000,reached
1073.800,STOP,True,0,-0.028125,0.369059,,0.000000,0.000000,reached
1073.900,STOP,True,0,-0.028125,0.369953,,0.000000,0.000000,reached
1074.000,STOP,True,0,-0.028125,0.369059,,0.000000,0.000000,reached
1074.100,STOP,True,0,-0.027344,0.370177,,0.000000,0.000000,reached
1074.200,STOP,True,0,-0.028125,0.370108,,0.000000,0.000000,reached
1074.300,STOP,True,0,-0.028125,0.370079,,0.000000,0.000000,reached
1074.400,STOP,True,0,-0.028125,0.369953,,0.000000,0.000000,reached
1074.500,STOP,True,0,-0.028125,0.369953,,0.000000,0.000000,reached
1074.600,STOP,True,0,-0.028125,0.369953,,0.000000,0.000000,reached
1074.700,STOP,True,0,-0.028125,0.369953,,0.000000,0.000000,reached
1074.800,STOP,True,0,-0.028125,0.369953,,0.000000,0.000000,reached
1074.900,STOP,True,0,-0.028125,0.370108,,0.000000,0.000000,reached
1075.000,STOP,True,0,-0.028125,0.370079,,0.000000,0.000000,reached
1075.100,STOP,True,0,-0.028125,0.370079,,0.000000,0.000000,reached
1075.200,STOP,True,0,-0.028125,0.370108,,0.000000,0.000000,reached
1075.300,STOP,True,0,-0.028125,0.369953,,0.000000,0.000000,reached
1075.400,STOP,True,0,-0.028125,0.370079,,0.000000,0.000000,reached
1075.500,STOP,True,0,-0.028125,0.369059,,0.000000,0.000000,reached
1075.600,STOP,True,0,-0.028125,0.370108,,0.000000,0.000000,reached
1075.700,STOP,True,0,-0.028125,0.370079,,0.000000,0.000000,reached
1075.800,STOP,True,0,-0.028125,0.369953,,0.000000,0.000000,reached
1075.900,STOP,True,0,-0.028125,0.369953,,0.000000,0.000000,reached
1076.000,STOP,True,0,-0.028125,0.369228,,0.000000,0.000000,reached
1076.100,STOP,True,0,-0.028125,0.369953,,0.000000,0.000000,reached
1076.200,STOP,True,0,-0.028125,0.369953,,0.000000,0.000000,reached
1076.300,STOP,True,0,-0.028125,0.369228,,0.000000,0.000000,reached
1076.400,STOP,True,0,-0.028125,0.370079,,0.000000,0.000000,reached
1076.500,STOP,True,0,-0.028125,0.370079,,0.000000,0.000000,reached
1076.600,STOP,True,0,-0.028125,0.369228,,0.000000,0.000000,reached
1076.700,STOP,True,0,-0.028125,0.369953,,0.000000,0.000000,reached
1076.800,STOP,True,0,-0.028125,0.369953,,0.000000,0.000000,reached
1076.900,STOP,True,0,-0.028125,0.370079,,0.000000,0.000000,reached
1077.000,STOP,True,0,-0.028125,0.369953,,0.000000,0.000000,reached
1077.100,STOP,True,0,-0.028125,0.369228,,0.000000,0.000000,reached
1077.200,STOP,True,0,-0.028125,0.370079,,0.000000,0.000000,reached
1077.300,STOP,True,0,-0.028125,0.369953,,0.000000,0.000000,reached
1077.400,STOP,True,0,-0.028125,0.370108,,0.000000,0.000000,reached
1077.500,STOP,True,0,-0.028125,0.369953,,0.000000,0.000000,reached
1077.600,STOP,True,0,-0.028125,0.370079,,0.000000,0.000000,reached
1077.700,STOP,True,0,-0.028125,0.370108,,0.000000,0.000000,reached
1077.800,STOP,True,0,-0.028125,0.370079,,0.000000,0.000000,reached
1077.900,STOP,True,0,-0.028125,0.369953,,0.000000,0.000000,reached
1078.000,STOP,True,0,-0.028125,0.369953,,0.000000,0.000000,reached
1078.100,STOP,True,0,-0.028125,0.370079,,0.000000,0.000000,reached
1078.200,STOP,True,0,-0.028125,0.369953,,0.000000,0.000000,reached
1078.300,STOP,True,0,-0.028125,0.369953,,0.000000,0.000000,reached
1078.400,STOP,True,0,-0.028125,0.370108,,0.000000,0.000000,reached
1078.500,STOP,True,0,-0.028125,0.370108,,0.000000,0.000000,reached
1078.600,STOP,True,0,-0.028125,0.370079,,0.000000,0.000000,reached
1078.700,STOP,True,0,-0.028125,0.370079,,0.000000,0.000000,reached
1078.800,STOP,True,0,-0.028125,0.370108,,0.000000,0.000000,reached
1078.900,STOP,True,0,-0.028125,0.369953,,0.000000,0.000000,reached
1079.000,STOP,True,0,-0.028125,0.370079,,0.000000,0.000000,reached
1079.100,STOP,True,0,-0.028125,0.370079,,0.000000,0.000000,reached
1079.200,STOP,True,0,-0.028125,0.370108,,0.000000,0.000000,reached
1079.300,STOP,True,0,-0.028125,0.370079,,0.000000,0.000000,reached
1079.400,STOP,True,0,-0.028125,0.370079,,0.000000,0.000000,reached
1079.500,STOP,True,0,-0.028125,0.370108,,0.000000,0.000000,reached
1079.600,STOP,True,0,-0.028125,0.370108,,0.000000,0.000000,reached
1079.700,STOP,True,0,-0.028125,0.370079,,0.000000,0.000000,reached
1079.800,STOP,True,0,-0.028125,0.370079,,0.000000,0.000000,reached
1079.900,STOP,True,0,-0.028125,0.369953,,0.000000,0.000000,reached
1080.000,STOP,True,0,-0.028125,0.370079,,0.000000,0.000000,reached
1080.100,STOP,True,0,-0.028125,0.370198,,0.000000,0.000000,reached
1080.200,STOP,True,0,-0.028125,0.370108,,0.000000,0.000000,reached
1080.300,STOP,True,0,-0.028125,0.370079,,0.000000,0.000000,reached
1080.400,STOP,True,0,-0.027344,0.370071,,0.000000,0.000000,reached
1080.500,STOP,True,0,-0.028125,0.370079,,0.000000,0.000000,reached
1080.600,STOP,True,0,-0.028125,0.369953,,0.000000,0.000000,reached
1080.700,STOP,True,0,-0.028125,0.370108,,0.000000,0.000000,reached
1080.800,STOP,True,0,-0.028125,0.370079,,0.000000,0.000000,reached
1080.900,STOP,True,0,-0.028125,0.370079,,0.000000,0.000000,reached
1081.000,STOP,True,0,-0.028125,0.370108,,0.000000,0.000000,reached
1081.100,STOP,True,0,-0.028125,0.370079,,0.000000,0.000000,reached
1081.200,STOP,True,0,-0.028125,0.370079,,0.000000,0.000000,reached
1081.300,STOP,True,0,-0.027344,0.370071,,0.000000,0.000000,reached
1081.400,STOP,True,0,-0.028125,0.370108,,0.000000,0.000000,reached
1081.500,STOP,True,0,-0.028125,0.370079,,0.000000,0.000000,reached
1081.600,STOP,True,0,-0.028125,0.370079,,0.000000,0.000000,reached
1081.700,STOP,True,0,-0.028125,0.370079,,0.000000,0.000000,reached
1081.800,STOP,True,0,-0.028125,0.370108,,0.000000,0.000000,reached
1081.900,STOP,True,0,-0.028125,0.370079,,0.000000,0.000000,reached
1082.000,STOP,True,0,-0.028125,0.370079,,0.000000,0.000000,reached
1082.100,STOP,True,0,-0.028125,0.370079,,0.000000,0.000000,reached
1082.200,STOP,True,0,-0.027344,0.370071,,0.000000,0.000000,reached
1082.300,STOP,True,0,-0.028125,0.370108,,0.000000,0.000000,reached
1082.400,STOP,True,0,-0.028125,0.370079,,0.000000,0.000000,reached
1082.500,STOP,True,0,-0.027344,0.370071,,0.000000,0.000000,reached
1082.600,STOP,True,0,-0.028125,0.370108,,0.000000,0.000000,reached
1082.700,STOP,True,0,-0.028125,0.370079,,0.000000,0.000000,reached
1082.800,STOP,True,0,-0.027344,0.370071,,0.000000,0.000000,reached
1082.900,STOP,True,0,-0.028125,0.370079,,0.000000,0.000000,reached
1083.000,STOP,True,0,-0.028125,0.370108,,0.000000,0.000000,reached
1083.100,STOP,True,0,-0.027344,0.370071,,0.000000,0.000000,reached
1083.200,STOP,True,0,-0.028125,0.370079,,0.000000,0.000000,reached
1083.300,STOP,True,0,-0.027344,0.370071,,0.000000,0.000000,reached
1083.400,STOP,True,0,-0.028125,0.370079,,0.000000,0.000000,reached
1083.500,STOP,True,0,-0.028125,0.370079,,0.000000,0.000000,reached
1083.600,STOP,True,0,-0.027344,0.370071,,0.000000,0.000000,reached
1083.700,STOP,True,0,-0.028125,0.370108,,0.000000,0.000000,reached
1083.800,STOP,True,0,-0.028125,0.370079,,0.000000,0.000000,reached
1083.900,STOP,True,0,-0.027344,0.370071,,0.000000,0.000000,reached
1084.000,STOP,True,0,-0.028125,0.370198,,0.000000,0.000000,reached
1084.100,STOP,True,0,-0.028125,0.370079,,0.000000,0.000000,reached
1084.200,STOP,True,0,-0.027344,0.370071,,0.000000,0.000000,reached
1084.300,STOP,True,0,-0.028125,0.370079,,0.000000,0.000000,reached
1084.400,STOP,True,0,-0.028125,0.370079,,0.000000,0.000000,reached
1084.500,STOP,True,0,-0.027344,0.370071,,0.000000,0.000000,reached
1084.600,STOP,True,0,-0.028125,0.370079,,0.000000,0.000000,reached
1084.700,STOP,True,0,-0.027344,0.370071,,0.000000,0.000000,reached
1084.800,STOP,True,0,-0.027344,0.370071,,0.000000,0.000000,reached
1084.900,STOP,True,0,-0.028125,0.370079,,0.000000,0.000000,reached
1085.000,STOP,True,0,-0.027344,0.370071,,0.000000,0.000000,reached
1085.100,STOP,True,0,-0.028125,0.370079,,0.000000,0.000000,reached
1085.200,STOP,True,0,-0.027344,0.370071,,0.000000,0.000000,reached
1085.300,STOP,True,0,-0.027344,0.370071,,0.000000,0.000000,reached
1085.400,STOP,True,0,-0.028125,0.370079,,0.000000,0.000000,reached
1085.500,STOP,True,0,-0.028125,0.370079,,0.000000,0.000000,reached
1085.600,STOP,True,0,-0.027344,0.370071,,0.000000,0.000000,reached
1085.700,STOP,True,0,-0.027344,0.370071,,0.000000,0.000000,reached
1085.800,STOP,True,0,-0.027344,0.370071,,0.000000,0.000000,reached
1085.900,STOP,True,0,-0.027344,0.370071,,0.000000,0.000000,reached
1086.000,STOP,True,0,-0.028125,0.370079,,0.000000,0.000000,reached
1086.100,STOP,True,0,-0.027344,0.370071,,0.000000,0.000000,reached
1086.200,STOP,True,0,-0.027344,0.370071,,0.000000,0.000000,reached
1086.300,STOP,True,0,-0.028125,0.370079,,0.000000,0.000000,reached
1086.400,STOP,True,0,-0.027344,0.370071,,0.000000,0.000000,reached
1086.500,STOP,True,0,-0.027344,0.370071,,0.000000,0.000000,reached
1086.600,STOP,True,0,-0.028125,0.370079,,0.000000,0.000000,reached
1086.700,STOP,True,0,-0.027344,0.370071,,0.000000,0.000000,reached
1086.800,STOP,True,0,-0.027344,0.370071,,0.000000,0.000000,reached
1086.900,STOP,True,0,-0.027344,0.370071,,0.000000,0.000000,reached
1087.000,STOP,True,0,-0.027344,0.370071,,0.000000,0.000000,reached
1087.100,STOP,True,0,-0.027344,0.370071,,0.000000,0.000000,reached
1087.200,STOP,True,0,-0.028125,0.370079,,0.000000,0.000000,reached
1087.300,STOP,True,0,-0.027344,0.370071,,0.000000,0.000000,reached
1087.400,STOP,True,0,-0.027344,0.370071,,0.000000,0.000000,reached
1087.500,STOP,True,0,-0.027344,0.370071,,0.000000,0.000000,reached
1087.600,STOP,True,0,-0.027344,0.370071,,0.000000,0.000000,reached
1087.700,STOP,True,0,-0.027344,0.370071,,0.000000,0.000000,reached
1087.800,STOP,True,0,-0.027344,0.370071,,0.000000,0.000000,reached
1087.900,STOP,True,0,-0.027344,0.370071,,0.000000,0.000000,reached
1088.000,STOP,True,0,-0.027344,0.370071,,0.000000,0.000000,reached
1088.100,STOP,True,0,-0.027344,0.370071,,0.000000,0.000000,reached
1088.200,STOP,True,0,-0.027344,0.370071,,0.000000,0.000000,reached
1088.300,STOP,True,0,-0.027344,0.370071,,0.000000,0.000000,reached
1088.400,STOP,True,0,-0.027344,0.370071,,0.000000,0.000000,reached
1088.500,STOP,True,0,-0.027344,0.370071,,0.000000,0.000000,reached
1088.600,STOP,True,0,-0.027344,0.370071,,0.000000,0.000000,reached
1088.700,STOP,True,0,-0.027344,0.370071,,0.000000,0.000000,reached
1088.800,STOP,True,0,-0.027344,0.370071,,0.000000,0.000000,reached
1088.900,STOP,True,0,-0.027344,0.370071,,0.000000,0.000000,reached
1089.000,STOP,True,0,-0.027344,0.370071,,0.000000,0.000000,reached
1089.100,STOP,True,0,-0.027344,0.370071,,0.000000,0.000000,reached
1089.200,STOP,True,0,-0.027344,0.370071,,0.000000,0.000000,reached
1089.300,STOP,True,0,-0.027344,0.370071,,0.000000,0.000000,reached
1089.400,STOP,True,0,-0.027344,0.370071,,0.000000,0.000000,reached
1089.500,STOP,True,0,-0.027344,0.370071,,0.000000,0.000000,reached
1089.600,STOP,True,0,-0.027344,0.370071,,0.000000,0.000000,reached
1089.700,STOP,True,0,-0.027344,0.370071,,0.000000,0.000000,reached
1089.800,STOP,True,0,-0.027344,0.370071,,0.000000,0.000000,reached
1089.900,STOP,True,0,-0.027344,0.370071,,0.000000,0.000000,reached
1090.000,STOP,True,0,-0.027344,0.370071,,0.000000,0.000000,reached
1090.100,STOP,True,0,-0.027344,0.370071,,0.000000,0.000000,reached
1090.200,STOP,True,0,-0.027344,0.370071,,0.000000,0.000000,reached
1090.300,STOP,True,0,-0.027344,0.370071,,0.000000,0.000000,reached
1090.400,STOP,True,0,-0.027344,0.370071,,0.000000,0.000000,reached
1090.500,STOP,True,0,-0.027344,0.370071,,0.000000,0.000000,reached
1090.600,STOP,True,0,-0.027344,0.370071,,0.000000,0.000000,reached
1090.700,STOP,True,0,-0.027344,0.370071,,0.000000,0.000000,reached
1090.800,STOP,True,0,-0.027344,0.370071,,0.000000,0.000000,reached
1090.900,STOP,True,0,-0.027344,0.370071,,0.000000,0.000000,reached
1091.000,STOP,True,0,-0.027344,0.370071,,0.000000,0.000000,reached
1091.100,STOP,True,0,-0.027344,0.370071,,0.000000,0.000000,reached
1091.200,STOP,True,0,-0.027344,0.370071,,0.000000,0.000000,reached
1091.300,STOP,True,0,-0.027344,0.370071,,0.000000,0.000000,reached
1091.400,STOP,True,0,-0.027344,0.370071,,0.000000,0.000000,reached
1091.500,STOP,True,0,-0.027344,0.370071,,0.000000,0.000000,reached
1091.600,STOP,True,0,-0.027344,0.370071,,0.000000,0.000000,reached
1091.700,STOP,True,0,-0.027344,0.370071,,0.000000,0.000000,reached
1091.800,STOP,True,0,-0.027344,0.370071,,0.000000,0.000000,reached
1091.900,STOP,True,0,-0.027344,0.370071,,0.000000,0.000000,reached
1092.000,STOP,True,0,-0.027344,0.370071,,0.000000,0.000000,reached
1092.100,STOP,True,0,-0.027344,0.370071,,0.000000,0.000000,reached
1092.200,STOP,True,0,-0.027344,0.370071,,0.000000,0.000000,reached
1092.300,STOP,True,0,-0.027344,0.370071,,0.000000,0.000000,reached
1092.400,STOP,True,0,-0.026562,0.370686,,0.000000,0.000000,reached
1092.500,STOP,True,0,-0.027344,0.370071,,0.000000,0.000000,reached
1092.600,STOP,True,0,-0.027344,0.370071,,0.000000,0.000000,reached
1092.700,STOP,True,0,-0.027344,0.370071,,0.000000,0.000000,reached
1092.800,STOP,True,0,-0.027344,0.370071,,0.000000,0.000000,reached
1092.900,STOP,True,0,-0.027344,0.370071,,0.000000,0.000000,reached
1093.000,STOP,True,0,-0.027344,0.370071,,0.000000,0.000000,reached
1093.100,STOP,True,0,-0.027344,0.370071,,0.000000,0.000000,reached
1093.200,STOP,True,0,-0.027344,0.370071,,0.000000,0.000000,reached
1093.300,STOP,True,0,-0.027344,0.370071,,0.000000,0.000000,reached
1093.400,STOP,True,0,-0.027344,0.370071,,0.000000,0.000000,reached
1093.500,STOP,True,0,-0.027344,0.370071,,0.000000,0.000000,reached
1093.600,STOP,True,0,-0.027344,0.370071,,0.000000,0.000000,reached
1093.700,STOP,True,0,-0.027344,0.370071,,0.000000,0.000000,reached
1093.800,STOP,True,0,-0.027344,0.370071,,0.000000,0.000000,reached
1093.900,STOP,True,0,-0.027344,0.370071,,0.000000,0.000000,reached
1094.000,STOP,True,0,-0.027344,0.370071,,0.000000,0.000000,reached
1094.100,STOP,True,0,-0.027344,0.370071,,0.000000,0.000000,reached
1094.200,STOP,True,0,-0.027344,0.370071,,0.000000,0.000000,reached
1094.300,STOP,True,0,-0.026562,0.370686,,0.000000,0.000000,reached
1094.400,STOP,True,0,-0.027344,0.370071,,0.000000,0.000000,reached
1094.500,STOP,True,0,-0.027344,0.370071,,0.000000,0.000000,reached
1094.600,STOP,True,0,-0.027344,0.370071,,0.000000,0.000000,reached
1094.700,STOP,True,0,-0.027344,0.370071,,0.000000,0.000000,reached
1094.800,STOP,True,0,-0.027344,0.370071,,0.000000,0.000000,reached
1094.900,STOP,True,0,-0.027344,0.370071,,0.000000,0.000000,reached
1095.000,STOP,True,0,-0.027344,0.370071,,0.000000,0.000000,reached
1095.100,STOP,True,0,-0.027344,0.370071,,0.000000,0.000000,reached
1095.200,STOP,True,0,-0.027344,0.370071,,0.000000,0.000000,reached
1095.300,STOP,True,0,-0.027344,0.370071,,0.000000,0.000000,reached
1095.400,STOP,True,0,-0.027344,0.370071,,0.000000,0.000000,reached
1095.500,STOP,True,0,-0.027344,0.370071,,0.000000,0.000000,reached
1095.600,STOP,True,0,-0.027344,0.370071,,0.000000,0.000000,reached
1095.700,STOP,True,0,-0.026562,0.370686,,0.000000,0.000000,reached
1095.800,STOP,True,0,-0.027344,0.370071,,0.000000,0.000000,reached
1095.900,STOP,True,0,-0.027344,0.370071,,0.000000,0.000000,reached
1096.000,STOP,True,0,-0.026562,0.370686,,0.000000,0.000000,reached
1096.100,STOP,True,0,-0.027344,0.370071,,0.000000,0.000000,reached
1096.200,STOP,True,0,-0.027344,0.370071,,0.000000,0.000000,reached
1096.300,STOP,True,0,-0.027344,0.370071,,0.000000,0.000000,reached
1096.400,STOP,True,0,-0.026562,0.370686,,0.000000,0.000000,reached
1096.500,STOP,True,0,-0.027344,0.370071,,0.000000,0.000000,reached
1096.600,STOP,True,0,-0.027344,0.370071,,0.000000,0.000000,reached
1096.700,STOP,True,0,-0.027344,0.370071,,0.000000,0.000000,reached
1096.800,STOP,True,0,-0.027344,0.370071,,0.000000,0.000000,reached
1096.900,STOP,True,0,-0.027344,0.370071,,0.000000,0.000000,reached
1097.000,STOP,True,0,-0.027344,0.370071,,0.000000,0.000000,reached
1097.100,STOP,True,0,-0.027344,0.370071,,0.000000,0.000000,reached
1097.200,STOP,True,0,-0.027344,0.370071,,0.000000,0.000000,reached
1097.300,STOP,True,0,-0.026562,0.370686,,0.000000,0.000000,reached
1097.400,STOP,True,0,-0.027344,0.370071,,0.000000,0.000000,reached
1097.500,STOP,True,0,-0.026562,0.370686,,0.000000,0.000000,reached
1097.600,STOP,True,0,-0.027344,0.370071,,0.000000,0.000000,reached
1097.700,STOP,True,0,-0.028125,0.370822,,0.000000,0.000000,reached
1097.800,STOP,True,0,-0.027344,0.370071,,0.000000,0.000000,reached
1097.900,STOP,True,0,-0.026562,0.370686,,0.000000,0.000000,reached
1098.000,STOP,True,0,-0.027344,0.370071,,0.000000,0.000000,reached
1098.100,STOP,True,0,-0.027344,0.370071,,0.000000,0.000000,reached
1098.200,STOP,True,0,-0.026562,0.370686,,0.000000,0.000000,reached
1098.300,STOP,True,0,-0.027344,0.370071,,0.000000,0.000000,reached
1098.400,STOP,True,0,-0.027344,0.370071,,0.000000,0.000000,reached
1098.500,STOP,True,0,-0.027344,0.370071,,0.000000,0.000000,reached
1098.600,STOP,True,0,-0.026562,0.370686,,0.000000,0.000000,reached
1098.700,STOP,True,0,-0.027344,0.370071,,0.000000,0.000000,reached
1098.800,STOP,True,0,-0.027344,0.370071,,0.000000,0.000000,reached
1098.900,STOP,True,0,-0.026562,0.370686,,0.000000,0.000000,reached
1099.000,STOP,True,0,-0.027344,0.370071,,0.000000,0.000000,reached
1099.100,STOP,True,0,-0.026562,0.370686,,0.000000,0.000000,reached
1099.200,STOP,True,0,-0.027344,0.370071,,0.000000,0.000000,reached
1099.300,STOP,True,0,-0.027344,0.370071,,0.000000,0.000000,reached
1099.400,STOP,True,0,-0.026562,0.370686,,0.000000,0.000000,reached
1099.500,STOP,True,0,-0.026562,0.370686,,0.000000,0.000000,reached
1099.600,STOP,True,0,-0.027344,0.370071,,0.000000,0.000000,reached
1099.700,STOP,True,0,-0.027344,0.370071,,0.000000,0.000000,reached
1099.800,STOP,True,0,-0.026562,0.370686,,0.000000,0.000000,reached
1099.900,STOP,True,0,-0.026562,0.370686,,0.000000,0.000000,reached
1100.000,STOP,True,0,-0.027344,0.370071,,0.000000,0.000000,reached
1100.100,STOP,True,0,-0.026562,0.370686,,0.000000,0.000000,reached
1100.200,STOP,True,0,-0.026562,0.370686,,0.000000,0.000000,reached
1100.300,STOP,True,0,-0.027344,0.370071,,0.000000,0.000000,reached
1100.400,STOP,True,0,-0.027344,0.370071,,0.000000,0.000000,reached
1100.500,STOP,True,0,-0.026562,0.370686,,0.000000,0.000000,reached
1100.600,STOP,True,0,-0.027344,0.370071,,0.000000,0.000000,reached
1100.700,STOP,True,0,-0.027344,0.370071,,0.000000,0.000000,reached
1100.800,STOP,True,0,-0.027344,0.370071,,0.000000,0.000000,reached
1100.900,STOP,True,0,-0.026562,0.370686,,0.000000,0.000000,reached
1101.000,STOP,True,0,-0.027344,0.370071,,0.000000,0.000000,reached
1101.100,STOP,True,0,-0.026562,0.370686,,0.000000,0.000000,reached
1101.200,STOP,True,0,-0.026562,0.370686,,0.000000,0.000000,reached
1101.300,STOP,True,0,-0.026562,0.370686,,0.000000,0.000000,reached
1101.400,STOP,True,0,-0.027344,0.370071,,0.000000,0.000000,reached
1101.500,STOP,True,0,-0.026562,0.370686,,0.000000,0.000000,reached
1101.600,STOP,True,0,-0.026562,0.370686,,0.000000,0.000000,reached
1101.700,STOP,True,0,-0.027344,0.370071,,0.000000,0.000000,reached
1101.800,STOP,True,0,-0.027344,0.370071,,0.000000,0.000000,reached
1101.900,STOP,True,0,-0.026562,0.370686,,0.000000,0.000000,reached
1102.000,STOP,True,0,-0.026562,0.370686,,0.000000,0.000000,reached
1102.100,STOP,True,0,-0.027344,0.370071,,0.000000,0.000000,reached
1102.200,STOP,True,0,-0.027344,0.370071,,0.000000,0.000000,reached
1102.300,STOP,True,0,-0.026562,0.370686,,0.000000,0.000000,reached
1102.400,STOP,True,0,-0.026562,0.370686,,0.000000,0.000000,reached
1102.500,STOP,True,0,-0.027344,0.370071,,0.000000,0.000000,reached
1102.600,STOP,True,0,-0.026562,0.370686,,0.000000,0.000000,reached
1102.700,STOP,True,0,-0.027344,0.370071,,0.000000,0.000000,reached
1102.800,STOP,True,0,-0.026562,0.370686,,0.000000,0.000000,reached
1102.900,STOP,True,0,-0.026562,0.370686,,0.000000,0.000000,reached
1103.000,STOP,True,0,-0.027344,0.370071,,0.000000,0.000000,reached
1103.100,STOP,True,0,-0.026562,0.370686,,0.000000,0.000000,reached
1103.200,STOP,True,0,-0.026562,0.370686,,0.000000,0.000000,reached
1103.300,STOP,True,0,-0.027344,0.370071,,0.000000,0.000000,reached
1103.400,STOP,True,0,-0.027344,0.370071,,0.000000,0.000000,reached
1103.500,STOP,True,0,-0.026562,0.370686,,0.000000,0.000000,reached
1103.600,STOP,True,0,-0.026562,0.370686,,0.000000,0.000000,reached
1103.700,STOP,True,0,-0.026562,0.370686,,0.000000,0.000000,reached
1103.800,STOP,True,0,-0.027344,0.370071,,0.000000,0.000000,reached
1103.900,STOP,True,0,-0.026562,0.370686,,0.000000,0.000000,reached
1104.000,STOP,True,0,-0.026562,0.370686,,0.000000,0.000000,reached
1104.100,STOP,True,0,-0.026562,0.370686,,0.000000,0.000000,reached
1104.200,STOP,True,0,-0.027344,0.370071,,0.000000,0.000000,reached
1104.300,STOP,True,0,-0.026562,0.370686,,0.000000,0.000000,reached
1104.400,STOP,True,0,-0.026562,0.370686,,0.000000,0.000000,reached
1104.500,STOP,True,0,-0.026562,0.370686,,0.000000,0.000000,reached
1104.600,STOP,True,0,-0.026562,0.370686,,0.000000,0.000000,reached
1104.700,STOP,True,0,-0.026562,0.370686,,0.000000,0.000000,reached
1104.800,STOP,True,0,-0.026562,0.370686,,0.000000,0.000000,reached
1104.900,STOP,True,0,-0.026562,0.370686,,0.000000,0.000000,reached
1105.000,STOP,True,0,-0.026562,0.370686,,0.000000,0.000000,reached
1105.100,STOP,True,0,-0.026562,0.370686,,0.000000,0.000000,reached
1105.200,STOP,True,0,-0.026562,0.370686,,0.000000,0.000000,reached
1105.300,STOP,True,0,-0.026562,0.370686,,0.000000,0.000000,reached
1105.400,STOP,True,0,-0.026562,0.370686,,0.000000,0.000000,reached
1105.500,STOP,True,0,-0.026562,0.370686,,0.000000,0.000000,reached
1105.600,STOP,True,0,-0.028125,0.370822,,0.000000,0.000000,reached
1105.700,STOP,True,0,-0.026562,0.370686,,0.000000,0.000000,reached
1105.800,STOP,True,0,-0.026562,0.370686,,0.000000,0.000000,reached
1105.900,STOP,True,0,-0.027344,0.370071,,0.000000,0.000000,reached
1106.000,STOP,True,0,-0.026562,0.370686,,0.000000,0.000000,reached
1106.100,STOP,True,0,-0.026562,0.370686,,0.000000,0.000000,reached
1106.200,STOP,True,0,-0.026562,0.370686,,0.000000,0.000000,reached
1106.300,STOP,True,0,-0.026562,0.370686,,0.000000,0.000000,reached
1106.400,STOP,True,0,-0.026562,0.370686,,0.000000,0.000000,reached
1106.500,STOP,True,0,-0.026562,0.370686,,0.000000,0.000000,reached
1106.600,STOP,True,0,-0.026562,0.370686,,0.000000,0.000000,reached
1106.700,STOP,True,0,-0.026562,0.370686,,0.000000,0.000000,reached
1106.800,STOP,True,0,-0.026562,0.370686,,0.000000,0.000000,reached
1106.900,STOP,True,0,-0.026562,0.370686,,0.000000,0.000000,reached
1107.000,STOP,True,0,-0.026562,0.370686,,0.000000,0.000000,reached
1107.100,STOP,True,0,-0.026562,0.370686,,0.000000,0.000000,reached
1107.200,STOP,True,0,-0.026562,0.370686,,0.000000,0.000000,reached
1107.300,STOP,True,0,-0.026562,0.370686,,0.000000,0.000000,reached
1107.400,STOP,True,0,-0.026562,0.370686,,0.000000,0.000000,reached
1107.500,STOP,True,0,-0.026562,0.370686,,0.000000,0.000000,reached
1107.600,STOP,True,0,-0.026562,0.370686,,0.000000,0.000000,reached
1107.700,STOP,True,0,-0.026562,0.370686,,0.000000,0.000000,reached
1107.800,STOP,True,0,-0.026562,0.370686,,0.000000,0.000000,reached
1107.900,STOP,True,0,-0.026562,0.370686,,0.000000,0.000000,reached
1108.000,STOP,True,0,-0.026562,0.370686,,0.000000,0.000000,reached
1108.100,STOP,True,0,-0.026562,0.370686,,0.000000,0.000000,reached
1108.200,STOP,True,0,-0.026562,0.370686,,0.000000,0.000000,reached
1108.300,STOP,True,0,-0.026562,0.370686,,0.000000,0.000000,reached
1108.400,STOP,True,0,-0.026562,0.370686,,0.000000,0.000000,reached
1108.500,STOP,True,0,-0.026562,0.370686,,0.000000,0.000000,reached
1108.600,STOP,True,0,-0.027344,0.370071,,0.000000,0.000000,reached
1108.700,STOP,True,0,-0.026562,0.370686,,0.000000,0.000000,reached
1108.800,STOP,True,0,-0.026562,0.370686,,0.000000,0.000000,reached
1108.900,STOP,True,0,-0.026562,0.370686,,0.000000,0.000000,reached
1109.000,STOP,True,0,-0.026562,0.370686,,0.000000,0.000000,reached
1109.100,STOP,True,0,-0.026562,0.370686,,0.000000,0.000000,reached
1109.200,STOP,True,0,-0.027344,0.370954,,0.000000,0.000000,reached
1109.300,STOP,True,0,-0.026562,0.370686,,0.000000,0.000000,reached
1109.400,STOP,True,0,-0.026562,0.370686,,0.000000,0.000000,reached
1109.500,STOP,True,0,-0.027344,0.370182,,0.000000,0.000000,reached
1109.600,STOP,True,0,-0.026562,0.370686,,0.000000,0.000000,reached
1109.700,STOP,True,0,-0.026562,0.370686,,0.000000,0.000000,reached
1109.800,STOP,True,0,-0.026562,0.370686,,0.000000,0.000000,reached
1109.900,STOP,True,0,-0.026562,0.371589,,0.000000,0.000000,reached
1110.000,STOP,True,0,-0.026562,0.370686,,0.000000,0.000000,reached
1110.100,STOP,True,0,-0.026562,0.370686,,0.000000,0.000000,reached
1110.200,STOP,True,0,-0.026562,0.370686,,0.000000,0.000000,reached
1110.300,STOP,True,0,-0.026562,0.370686,,0.000000,0.000000,reached
1110.400,STOP,True,0,-0.026562,0.370686,,0.000000,0.000000,reached
1110.500,STOP,True,0,-0.026562,0.370686,,0.000000,0.000000,reached
1110.600,STOP,True,0,-0.026562,0.370686,,0.000000,0.000000,reached
1110.700,STOP,True,0,-0.027344,0.370182,,0.000000,0.000000,reached
1110.800,STOP,True,0,-0.026562,0.370686,,0.000000,0.000000,reached
1110.900,STOP,True,0,-0.026562,0.370686,,0.000000,0.000000,reached
1111.000,STOP,True,0,-0.027344,0.371400,,0.000000,0.000000,reached
1111.100,STOP,True,0,-0.027344,0.370071,,0.000000,0.000000,reached
1111.200,STOP,True,0,-0.026562,0.370686,,0.000000,0.000000,reached
1111.300,STOP,True,0,-0.026562,0.370686,,0.000000,0.000000,reached
1111.400,STOP,True,0,-0.026562,0.370686,,0.000000,0.000000,reached
1111.500,STOP,True,0,-0.026562,0.370686,,0.000000,0.000000,reached
1111.600,STOP,True,0,-0.026562,0.370686,,0.000000,0.000000,reached
1111.700,STOP,True,0,-0.026562,0.371589,,0.000000,0.000000,reached
1111.800,STOP,True,0,-0.027344,0.370071,,0.000000,0.000000,reached
1111.900,STOP,True,0,-0.026562,0.370686,,0.000000,0.000000,reached
1112.000,STOP,True,0,-0.026562,0.370686,,0.000000,0.000000,reached
1112.100,STOP,True,0,-0.027344,0.370071,,0.000000,0.000000,reached
1112.200,STOP,True,0,-0.026562,0.370686,,0.000000,0.000000,reached
1112.300,STOP,True,0,-0.026562,0.370686,,0.000000,0.000000,reached
1112.400,STOP,True,0,-0.026562,0.370686,,0.000000,0.000000,reached
1112.500,STOP,True,0,-0.026562,0.370686,,0.000000,0.000000,reached
1112.600,STOP,True,0,-0.026562,0.371589,,0.000000,0.000000,reached
1112.700,STOP,True,0,-0.026562,0.371589,,0.000000,0.000000,reached
1112.800,STOP,True,0,-0.026562,0.370686,,0.000000,0.000000,reached
1112.900,STOP,True,0,-0.026562,0.370686,,0.000000,0.000000,reached
1113.000,STOP,True,0,-0.026562,0.371589,,0.000000,0.000000,reached
1113.100,STOP,True,0,-0.026562,0.371589,,0.000000,0.000000,reached
1113.200,STOP,True,0,-0.026562,0.370686,,0.000000,0.000000,reached
1113.300,STOP,True,0,-0.026562,0.370686,,0.000000,0.000000,reached
1113.400,STOP,True,0,-0.026562,0.371589,,0.000000,0.000000,reached
1113.500,STOP,True,0,-0.026562,0.370686,,0.000000,0.000000,reached
1113.600,STOP,True,0,-0.026562,0.370686,,0.000000,0.000000,reached
1113.700,STOP,True,0,-0.027344,0.370071,,0.000000,0.000000,reached
1113.800,STOP,True,0,-0.026562,0.370686,,0.000000,0.000000,reached
1113.900,STOP,True,0,-0.026562,0.371589,,0.000000,0.000000,reached
1114.000,STOP,True,0,-0.027344,0.370182,,0.000000,0.000000,reached
1114.100,STOP,True,0,-0.026562,0.370686,,0.000000,0.000000,reached
1114.200,STOP,True,0,-0.026562,0.371589,,0.000000,0.000000,reached
1114.300,STOP,True,0,-0.027344,0.370071,,0.000000,0.000000,reached
1114.400,STOP,True,0,-0.026562,0.370686,,0.000000,0.000000,reached
1114.500,STOP,True,0,-0.026562,0.370686,,0.000000,0.000000,reached
1114.600,STOP,True,0,-0.026562,0.371589,,0.000000,0.000000,reached
1114.700,STOP,True,0,-0.026562,0.371589,,0.000000,0.000000,reached
1114.800,STOP,True,0,-0.026562,0.370686,,0.000000,0.000000,reached
1114.900,STOP,True,0,-0.026562,0.370686,,0.000000,0.000000,reached
1115.000,STOP,True,0,-0.026562,0.371589,,0.000000,0.000000,reached
1115.100,STOP,True,0,-0.027344,0.370182,,0.000000,0.000000,reached
1115.200,STOP,True,0,-0.027344,0.371400,,0.000000,0.000000,reached
1115.300,STOP,True,0,-0.026562,0.371589,,0.000000,0.000000,reached
1115.400,STOP,True,0,-0.027344,0.370182,,0.000000,0.000000,reached
1115.500,STOP,True,0,-0.026562,0.370686,,0.000000,0.000000,reached
1115.600,STOP,True,0,-0.027344,0.371400,,0.000000,0.000000,reached
1115.700,STOP,True,0,-0.027344,0.370182,,0.000000,0.000000,reached
1115.800,STOP,True,0,-0.026562,0.371589,,0.000000,0.000000,reached
1115.900,STOP,True,0,-0.026562,0.371589,,0.000000,0.000000,reached
1116.000,STOP,True,0,-0.027344,0.370182,,0.000000,0.000000,reached
1116.100,STOP,True,0,-0.027344,0.371400,,0.000000,0.000000,reached
1116.200,STOP,True,0,-0.026562,0.371589,,0.000000,0.000000,reached
1116.300,STOP,True,0,-0.026562,0.371589,,0.000000,0.000000,reached
1116.400,STOP,True,0,-0.026562,0.370686,,0.000000,0.000000,reached
1116.500,STOP,True,0,-0.026562,0.371589,,0.000000,0.000000,reached
1116.600,STOP,True,0,-0.026562,0.371589,,0.000000,0.000000,reached
1116.700,STOP,True,0,-0.026562,0.371589,,0.000000,0.000000,reached
1116.800,STOP,True,0,-0.027344,0.370182,,0.000000,0.000000,reached
1116.900,STOP,True,0,-0.027344,0.370182,,0.000000,0.000000,reached
1117.000,STOP,True,0,-0.026562,0.371589,,0.000000,0.000000,reached
1117.100,STOP,True,0,-0.026562,0.371589,,0.000000,0.000000,reached
1117.200,STOP,True,0,-0.027344,0.370182,,0.000000,0.000000,reached
1117.300,STOP,True,0,-0.026562,0.370686,,0.000000,0.000000,reached
1117.400,STOP,True,0,-0.026562,0.370686,,0.000000,0.000000,reached
1117.500,STOP,True,0,-0.026562,0.371589,,0.000000,0.000000,reached
1117.600,STOP,True,0,-0.026562,0.371589,,0.000000,0.000000,reached
1117.700,STOP,True,0,-0.026562,0.370686,,0.000000,0.000000,reached
1117.800,STOP,True,0,-0.026562,0.371718,,0.000000,0.000000,reached
1117.900,STOP,True,0,-0.026562,0.371589,,0.000000,0.000000,reached
1118.000,STOP,True,0,-0.026562,0.371589,,0.000000,0.000000,reached
1118.100,STOP,True,0,-0.027344,0.370182,,0.000000,0.000000,reached
1118.200,STOP,True,0,-0.027344,0.371048,,0.000000,0.000000,reached
1118.300,STOP,True,0,-0.026562,0.371589,,0.000000,0.000000,reached
1118.400,STOP,True,0,-0.026562,0.371589,,0.000000,0.000000,reached
1118.500,STOP,True,0,-0.026562,0.371589,,0.000000,0.000000,reached
1118.600,STOP,True,0,-0.026562,0.370686,,0.000000,0.000000,reached
1118.700,STOP,True,0,-0.026562,0.371718,,0.000000,0.000000,reached
1118.800,STOP,True,0,-0.026562,0.371589,,0.000000,0.000000,reached
1118.900,STOP,True,0,-0.026562,0.371589,,0.000000,0.000000,reached
1119.000,STOP,True,0,-0.026562,0.371589,,0.000000,0.000000,reached
1119.100,STOP,True,0,-0.026562,0.371589,,0.000000,0.000000,reached
1119.200,STOP,True,0,-0.026562,0.371589,,0.000000,0.000000,reached
1119.300,STOP,True,0,-0.026562,0.371589,,0.000000,0.000000,reached
1119.400,STOP,True,0,-0.026562,0.371589,,0.000000,0.000000,reached
1119.500,STOP,True,0,-0.026562,0.371589,,0.000000,0.000000,reached
1119.600,STOP,True,0,-0.026562,0.371589,,0.000000,0.000000,reached
1119.700,STOP,True,0,-0.027344,0.372495,,0.000000,0.000000,reached
1119.800,STOP,True,0,-0.026562,0.371589,,0.000000,0.000000,reached
1119.900,STOP,True,0,-0.026562,0.371589,,0.000000,0.000000,reached
1120.000,STOP,True,0,-0.026562,0.371718,,0.000000,0.000000,reached
1120.100,STOP,True,0,-0.026562,0.371589,,0.000000,0.000000,reached
1120.200,STOP,True,0,-0.026562,0.371589,,0.000000,0.000000,reached
1120.300,STOP,True,0,-0.026562,0.371718,,0.000000,0.000000,reached
1120.400,STOP,True,0,-0.026562,0.371589,,0.000000,0.000000,reached
1120.500,STOP,True,0,-0.026562,0.371589,,0.000000,0.000000,reached
1120.600,STOP,True,0,-0.026562,0.371718,,0.000000,0.000000,reached
1120.700,STOP,True,0,-0.026562,0.371589,,0.000000,0.000000,reached
1120.800,STOP,True,0,-0.026562,0.371589,,0.000000,0.000000,reached
1120.900,STOP,True,0,-0.027344,0.371048,,0.000000,0.000000,reached
1121.000,STOP,True,0,-0.026562,0.371589,,0.000000,0.000000,reached
1121.100,STOP,True,0,-0.026562,0.371589,,0.000000,0.000000,reached
1121.200,STOP,True,0,-0.026562,0.371718,,0.000000,0.000000,reached
1121.300,STOP,True,0,-0.026562,0.371589,,0.000000,0.000000,reached
1121.400,STOP,True,0,-0.026562,0.371718,,0.000000,0.000000,reached
1121.500,STOP,True,0,-0.026562,0.371589,,0.000000,0.000000,reached
1121.600,STOP,True,0,-0.026562,0.371589,,0.000000,0.000000,reached
1121.700,STOP,True,0,-0.026562,0.371718,,0.000000,0.000000,reached
1121.800,STOP,True,0,-0.026562,0.371589,,0.000000,0.000000,reached
1121.900,STOP,True,0,-0.026562,0.371718,,0.000000,0.000000,reached
1122.000,STOP,True,0,-0.027344,0.372321,,0.000000,0.000000,reached
1122.100,STOP,True,0,-0.026562,0.371589,,0.000000,0.000000,reached
1122.200,STOP,True,0,-0.026562,0.371718,,0.000000,0.000000,reached
1122.300,STOP,True,0,-0.027344,0.372321,,0.000000,0.000000,reached
1122.400,STOP,True,0,-0.026562,0.371589,,0.000000,0.000000,reached
1122.500,STOP,True,0,-0.026562,0.371718,,0.000000,0.000000,reached
1122.600,STOP,True,0,-0.027344,0.372321,,0.000000,0.000000,reached
1122.700,STOP,True,0,-0.026562,0.371589,,0.000000,0.000000,reached
1122.800,STOP,True,0,-0.027344,0.372495,,0.000000,0.000000,reached
1122.900,STOP,True,0,-0.027344,0.372495,,0.000000,0.000000,reached
1123.000,STOP,True,0,-0.026562,0.371589,,0.000000,0.000000,reached
1123.100,STOP,True,0,-0.026562,0.371718,,0.000000,0.000000,reached
1123.200,STOP,True,0,-0.026562,0.371589,,0.000000,0.000000,reached
1123.300,STOP,True,0,-0.026562,0.371589,,0.000000,0.000000,reached
1123.400,STOP,True,0,-0.026562,0.371718,,0.000000,0.000000,reached
1123.500,STOP,True,0,-0.026562,0.371589,,0.000000,0.000000,reached
1123.600,STOP,True,0,-0.026562,0.371718,,0.000000,0.000000,reached
1123.700,STOP,True,0,-0.027344,0.372321,,0.000000,0.000000,reached
1123.800,STOP,True,0,-0.026562,0.371589,,0.000000,0.000000,reached
1123.900,STOP,True,0,-0.027344,0.372495,,0.000000,0.000000,reached
1124.000,STOP,True,0,-0.027344,0.372321,,0.000000,0.000000,reached
1124.100,STOP,True,0,-0.026562,0.371589,,0.000000,0.000000,reached
1124.200,STOP,True,0,-0.026562,0.371718,,0.000000,0.000000,reached
1124.300,STOP,True,0,-0.026562,0.371589,,0.000000,0.000000,reached
1124.400,STOP,True,0,-0.026562,0.371589,,0.000000,0.000000,reached
1124.500,STOP,True,0,-0.026562,0.371718,,0.000000,0.000000,reached
1124.600,STOP,True,0,-0.026562,0.371589,,0.000000,0.000000,reached
1124.700,STOP,True,0,-0.026562,0.371718,,0.000000,0.000000,reached
1124.800,STOP,True,0,-0.026562,0.371589,,0.000000,0.000000,reached
1124.900,STOP,True,0,-0.026562,0.371589,,0.000000,0.000000,reached
1125.000,STOP,True,0,-0.026562,0.371718,,0.000000,0.000000,reached
1125.100,STOP,True,0,-0.027344,0.372495,,0.000000,0.000000,reached
1125.200,STOP,True,0,-0.026562,0.371589,,0.000000,0.000000,reached
1125.300,STOP,True,0,-0.026562,0.371718,,0.000000,0.000000,reached
1125.400,STOP,True,0,-0.027344,0.372321,,0.000000,0.000000,reached
1125.500,STOP,True,0,-0.026562,0.371718,,0.000000,0.000000,reached
1125.600,STOP,True,0,-0.026562,0.371718,,0.000000,0.000000,reached
1125.700,STOP,True,0,-0.026562,0.371589,,0.000000,0.000000,reached
1125.800,STOP,True,0,-0.027344,0.372495,,0.000000,0.000000,reached
1125.900,STOP,True,0,-0.026562,0.371718,,0.000000,0.000000,reached
1126.000,STOP,True,0,-0.026562,0.371589,,0.000000,0.000000,reached
1126.100,STOP,True,0,-0.026562,0.371718,,0.000000,0.000000,reached
1126.200,STOP,True,0,-0.027344,0.372495,,0.000000,0.000000,reached
1126.300,STOP,True,0,-0.027344,0.372321,,0.000000,0.000000,reached
1126.400,STOP,True,0,-0.026562,0.371589,,0.000000,0.000000,reached
1126.500,STOP,True,0,-0.027344,0.372495,,0.000000,0.000000,reached
1126.600,STOP,True,0,-0.026562,0.371589,,0.000000,0.000000,reached
1126.700,STOP,True,0,-0.026562,0.371718,,0.000000,0.000000,reached
1126.800,STOP,True,0,-0.027344,0.372495,,0.000000,0.000000,reached
1126.900,STOP,True,0,-0.026562,0.371589,,0.000000,0.000000,reached
1127.000,STOP,True,0,-0.027344,0.372495,,0.000000,0.000000,reached
1127.100,STOP,True,0,-0.026562,0.371589,,0.000000,0.000000,reached
1127.200,STOP,True,0,-0.026562,0.371589,,0.000000,0.000000,reached
1127.300,STOP,True,0,-0.027344,0.372495,,0.000000,0.000000,reached
1127.400,STOP,True,0,-0.026562,0.371589,,0.000000,0.000000,reached
1127.500,STOP,True,0,-0.026562,0.371718,,0.000000,0.000000,reached
1127.600,STOP,True,0,-0.027344,0.372495,,0.000000,0.000000,reached
1127.700,STOP,True,0,-0.026562,0.371589,,0.000000,0.000000,reached
1127.800,STOP,True,0,-0.027344,0.372321,,0.000000,0.000000,reached
1127.900,STOP,True,0,-0.027344,0.372495,,0.000000,0.000000,reached
1128.000,STOP,True,0,-0.026562,0.371589,,0.000000,0.000000,reached
1128.100,STOP,True,0,-0.027344,0.372495,,0.000000,0.000000,reached
1128.200,STOP,True,0,-0.026562,0.371589,,0.000000,0.000000,reached
1128.300,STOP,True,0,-0.026562,0.371718,,0.000000,0.000000,reached
1128.400,STOP,True,0,-0.027344,0.372495,,0.000000,0.000000,reached
1128.500,STOP,True,0,-0.026562,0.371589,,0.000000,0.000000,reached
1128.600,STOP,True,0,-0.027344,0.372495,,0.000000,0.000000,reached
1128.700,STOP,True,0,-0.026562,0.371718,,0.000000,0.000000,reached
1128.800,STOP,True,0,-0.026562,0.371589,,0.000000,0.000000,reached
1128.900,STOP,True,0,-0.027344,0.372495,,0.000000,0.000000,reached
1129.000,STOP,True,0,-0.026562,0.371589,,0.000000,0.000000,reached
1129.100,STOP,True,0,-0.027344,0.372495,,0.000000,0.000000,reached
1129.200,STOP,True,0,-0.027344,0.372495,,0.000000,0.000000,reached
1129.300,STOP,True,0,-0.026562,0.371589,,0.000000,0.000000,reached
1129.400,STOP,True,0,-0.027344,0.372495,,0.000000,0.000000,reached
1129.500,STOP,True,0,-0.026562,0.371589,,0.000000,0.000000,reached
1129.600,STOP,True,0,-0.026562,0.371589,,0.000000,0.000000,reached
1129.700,STOP,True,0,-0.027344,0.372495,,0.000000,0.000000,reached
1129.800,STOP,True,0,-0.026562,0.371589,,0.000000,0.000000,reached
1129.900,STOP,True,0,-0.027344,0.372495,,0.000000,0.000000,reached
1130.000,STOP,True,0,-0.027344,0.372495,,0.000000,0.000000,reached
1130.100,STOP,True,0,-0.026562,0.371589,,0.000000,0.000000,reached
1130.200,STOP,True,0,-0.027344,0.372495,,0.000000,0.000000,reached
1130.300,STOP,True,0,-0.027344,0.372495,,0.000000,0.000000,reached
1130.400,STOP,True,0,-0.026562,0.371589,,0.000000,0.000000,reached
1130.500,STOP,True,0,-0.027344,0.372495,,0.000000,0.000000,reached
1130.600,STOP,True,0,-0.027344,0.372495,,0.000000,0.000000,reached
1130.700,STOP,True,0,-0.027344,0.372321,,0.000000,0.000000,reached
1130.800,STOP,True,0,-0.027344,0.372495,,0.000000,0.000000,reached
1130.900,STOP,True,0,-0.026562,0.371589,,0.000000,0.000000,reached
1131.000,STOP,True,0,-0.027344,0.372321,,0.000000,0.000000,reached
1131.100,STOP,True,0,-0.027344,0.372495,,0.000000,0.000000,reached
1131.200,STOP,True,0,-0.027344,0.372495,,0.000000,0.000000,reached
1131.300,STOP,True,0,-0.027344,0.372321,,0.000000,0.000000,reached
1131.400,STOP,True,0,-0.027344,0.372495,,0.000000,0.000000,reached
1131.500,STOP,True,0,-0.027344,0.372495,,0.000000,0.000000,reached
1131.600,STOP,True,0,-0.027344,0.372495,,0.000000,0.000000,reached
1131.700,STOP,True,0,-0.027344,0.372495,,0.000000,0.000000,reached
1131.800,STOP,True,0,-0.026562,0.371589,,0.000000,0.000000,reached
1131.900,STOP,True,0,-0.027344,0.372495,,0.000000,0.000000,reached
1132.000,STOP,True,0,-0.027344,0.372321,,0.000000,0.000000,reached
1132.100,STOP,True,0,-0.027344,0.372495,,0.000000,0.000000,reached
1132.200,STOP,True,0,-0.027344,0.372495,,0.000000,0.000000,reached
1132.300,STOP,True,0,-0.027344,0.372321,,0.000000,0.000000,reached
1132.400,STOP,True,0,-0.027344,0.372495,,0.000000,0.000000,reached
1132.500,STOP,True,0,-0.027344,0.372495,,0.000000,0.000000,reached
1132.600,STOP,True,0,-0.027344,0.372321,,0.000000,0.000000,reached
1132.700,STOP,True,0,-0.027344,0.372495,,0.000000,0.000000,reached
1132.800,STOP,True,0,-0.027344,0.372495,,0.000000,0.000000,reached
1132.900,STOP,True,0,-0.027344,0.372495,,0.000000,0.000000,reached
1133.000,STOP,True,0,-0.027344,0.372495,,0.000000,0.000000,reached
1133.100,STOP,True,0,-0.027344,0.372321,,0.000000,0.000000,reached
1133.200,STOP,True,0,-0.027344,0.372495,,0.000000,0.000000,reached
1133.300,STOP,True,0,-0.027344,0.372495,,0.000000,0.000000,reached
1133.400,STOP,True,0,-0.027344,0.372321,,0.000000,0.000000,reached
1133.500,STOP,True,0,-0.027344,0.372495,,0.000000,0.000000,reached
1133.600,STOP,True,0,-0.027344,0.372495,,0.000000,0.000000,reached
1133.700,STOP,True,0,-0.027344,0.372321,,0.000000,0.000000,reached
1133.800,STOP,True,0,-0.027344,0.372495,,0.000000,0.000000,reached
1133.900,STOP,True,0,-0.027344,0.372495,,0.000000,0.000000,reached
1134.000,STOP,True,0,-0.027344,0.372321,,0.000000,0.000000,reached
1134.100,STOP,True,0,-0.027344,0.372495,,0.000000,0.000000,reached
1134.200,STOP,True,0,-0.027344,0.372495,,0.000000,0.000000,reached
1134.300,STOP,True,0,-0.027344,0.372321,,0.000000,0.000000,reached
1134.400,STOP,True,0,-0.027344,0.372495,,0.000000,0.000000,reached
1134.500,STOP,True,0,-0.027344,0.372495,,0.000000,0.000000,reached
1134.600,STOP,True,0,-0.027344,0.372321,,0.000000,0.000000,reached
1134.700,STOP,True,0,-0.027344,0.372495,,0.000000,0.000000,reached
1134.800,STOP,True,0,-0.027344,0.372495,,0.000000,0.000000,reached
1134.900,STOP,True,0,-0.027344,0.372495,,0.000000,0.000000,reached
1135.000,STOP,True,0,-0.027344,0.372495,,0.000000,0.000000,reached
1135.100,STOP,True,0,-0.027344,0.372321,,0.000000,0.000000,reached
1135.200,STOP,True,0,-0.027344,0.372495,,0.000000,0.000000,reached
1135.300,STOP,True,0,-0.027344,0.372495,,0.000000,0.000000,reached
1135.400,STOP,True,0,-0.027344,0.372321,,0.000000,0.000000,reached
1135.500,STOP,True,0,-0.027344,0.372495,,0.000000,0.000000,reached
1135.600,STOP,True,0,-0.027344,0.372495,,0.000000,0.000000,reached
1135.700,STOP,True,0,-0.027344,0.372495,,0.000000,0.000000,reached
1135.800,STOP,True,0,-0.027344,0.372495,,0.000000,0.000000,reached
1135.900,STOP,True,0,-0.027344,0.372495,,0.000000,0.000000,reached
1136.000,STOP,True,0,-0.027344,0.372495,,0.000000,0.000000,reached
1136.100,STOP,True,0,-0.027344,0.372495,,0.000000,0.000000,reached
1136.200,STOP,True,0,-0.027344,0.372495,,0.000000,0.000000,reached
1136.300,STOP,True,0,-0.027344,0.372321,,0.000000,0.000000,reached
1136.400,STOP,True,0,-0.027344,0.372495,,0.000000,0.000000,reached
1136.500,STOP,True,0,-0.027344,0.372495,,0.000000,0.000000,reached
1136.600,STOP,True,0,-0.027344,0.372495,,0.000000,0.000000,reached
1136.700,STOP,True,0,-0.027344,0.372495,,0.000000,0.000000,reached
1136.800,STOP,True,0,-0.027344,0.372495,,0.000000,0.000000,reached
1136.900,STOP,True,0,-0.027344,0.372495,,0.000000,0.000000,reached
1137.000,STOP,True,0,-0.027344,0.372495,,0.000000,0.000000,reached
1137.100,STOP,True,0,-0.027344,0.372495,,0.000000,0.000000,reached
1137.200,STOP,True,0,-0.027344,0.372495,,0.000000,0.000000,reached
1137.300,STOP,True,0,-0.027344,0.372495,,0.000000,0.000000,reached
1137.400,STOP,True,0,-0.027344,0.372495,,0.000000,0.000000,reached
1137.500,STOP,True,0,-0.027344,0.372495,,0.000000,0.000000,reached
1137.600,STOP,True,0,-0.027344,0.372495,,0.000000,0.000000,reached
1137.700,STOP,True,0,-0.027344,0.372495,,0.000000,0.000000,reached
1137.800,STOP,True,0,-0.027344,0.372495,,0.000000,0.000000,reached
1137.900,STOP,True,0,-0.027344,0.372495,,0.000000,0.000000,reached
1138.000,STOP,True,0,-0.027344,0.372495,,0.000000,0.000000,reached
1138.100,STOP,True,0,-0.027344,0.372495,,0.000000,0.000000,reached
1138.200,STOP,True,0,-0.027344,0.372321,,0.000000,0.000000,reached
1138.300,STOP,True,0,-0.027344,0.372495,,0.000000,0.000000,reached
1138.400,STOP,True,0,-0.027344,0.372495,,0.000000,0.000000,reached
1138.500,STOP,True,0,-0.027344,0.372495,,0.000000,0.000000,reached
1138.600,STOP,True,0,-0.027344,0.372495,,0.000000,0.000000,reached
1138.700,STOP,True,0,-0.027344,0.372495,,0.000000,0.000000,reached
1138.800,STOP,True,0,-0.027344,0.372495,,0.000000,0.000000,reached
1138.900,STOP,True,0,-0.027344,0.372495,,0.000000,0.000000,reached
1139.000,STOP,True,0,-0.027344,0.372495,,0.000000,0.000000,reached
1139.100,STOP,True,0,-0.027344,0.372495,,0.000000,0.000000,reached
1139.200,STOP,True,0,-0.027344,0.372495,,0.000000,0.000000,reached
1139.300,STOP,True,0,-0.027344,0.372495,,0.000000,0.000000,reached
1139.400,STOP,True,0,-0.027344,0.372495,,0.000000,0.000000,reached
1139.500,STOP,True,0,-0.027344,0.372495,,0.000000,0.000000,reached
1139.600,STOP,True,0,-0.027344,0.372495,,0.000000,0.000000,reached
1139.700,STOP,True,0,-0.027344,0.372495,,0.000000,0.000000,reached
1139.800,STOP,True,0,-0.027344,0.372495,,0.000000,0.000000,reached
1139.900,STOP,True,0,-0.027344,0.372495,,0.000000,0.000000,reached
1140.000,STOP,True,0,-0.027344,0.372495,,0.000000,0.000000,reached
1140.100,STOP,True,0,-0.027344,0.372495,,0.000000,0.000000,reached
1140.200,STOP,True,0,-0.027344,0.372495,,0.000000,0.000000,reached
1140.300,STOP,True,0,-0.027344,0.372495,,0.000000,0.000000,reached
1140.400,STOP,True,0,-0.027344,0.372495,,0.000000,0.000000,reached
1140.500,STOP,True,0,-0.027344,0.372495,,0.000000,0.000000,reached
1140.600,STOP,True,0,-0.027344,0.372495,,0.000000,0.000000,reached
1140.700,STOP,True,0,-0.027344,0.372495,,0.000000,0.000000,reached
1140.800,STOP,True,0,-0.027344,0.372495,,0.000000,0.000000,reached
1140.900,STOP,True,0,-0.027344,0.372495,,0.000000,0.000000,reached
1141.000,STOP,True,0,-0.027344,0.372495,,0.000000,0.000000,reached
1141.100,STOP,True,0,-0.027344,0.372495,,0.000000,0.000000,reached
1141.200,STOP,True,0,-0.027344,0.372495,,0.000000,0.000000,reached
1141.300,STOP,True,0,-0.027344,0.372495,,0.000000,0.000000,reached
1141.400,STOP,True,0,-0.027344,0.372495,,0.000000,0.000000,reached
1141.500,STOP,True,0,-0.027344,0.372495,,0.000000,0.000000,reached
1141.600,STOP,True,0,-0.027344,0.372495,,0.000000,0.000000,reached
1141.700,STOP,True,0,-0.027344,0.372495,,0.000000,0.000000,reached
1141.800,STOP,True,0,-0.027344,0.372495,,0.000000,0.000000,reached
1141.900,STOP,True,0,-0.027344,0.372495,,0.000000,0.000000,reached
1142.000,STOP,True,0,-0.027344,0.372495,,0.000000,0.000000,reached
1142.100,STOP,True,0,-0.027344,0.372495,,0.000000,0.000000,reached
1142.200,STOP,True,0,-0.027344,0.372495,,0.000000,0.000000,reached
1142.300,STOP,True,0,-0.027344,0.372495,,0.000000,0.000000,reached
1142.400,STOP,True,0,-0.027344,0.372495,,0.000000,0.000000,reached
1142.500,STOP,True,0,-0.027344,0.372495,,0.000000,0.000000,reached
1142.600,STOP,True,0,-0.027344,0.372495,,0.000000,0.000000,reached
1142.700,STOP,True,0,-0.027344,0.372495,,0.000000,0.000000,reached
1142.800,STOP,True,0,-0.027344,0.372495,,0.000000,0.000000,reached
1142.900,STOP,True,0,-0.027344,0.372495,,0.000000,0.000000,reached
1143.000,STOP,True,0,-0.027344,0.372495,,0.000000,0.000000,reached
1143.100,STOP,True,0,-0.027344,0.372495,,0.000000,0.000000,reached
1143.200,STOP,True,0,-0.027344,0.372495,,0.000000,0.000000,reached
1143.300,STOP,True,0,-0.027344,0.372495,,0.000000,0.000000,reached
1143.400,STOP,True,0,-0.027344,0.372495,,0.000000,0.000000,reached
1143.500,STOP,True,0,-0.027344,0.372495,,0.000000,0.000000,reached
1143.600,STOP,True,0,-0.027344,0.372495,,0.000000,0.000000,reached
1143.700,STOP,True,0,-0.027344,0.372495,,0.000000,0.000000,reached
1143.800,STOP,True,0,-0.027344,0.372495,,0.000000,0.000000,reached
1143.900,STOP,True,0,-0.027344,0.372495,,0.000000,0.000000,reached
1144.000,STOP,True,0,-0.027344,0.372495,,0.000000,0.000000,reached
1144.100,STOP,True,0,-0.027344,0.372495,,0.000000,0.000000,reached
1144.200,STOP,True,0,-0.027344,0.372495,,0.000000,0.000000,reached
1144.300,STOP,True,0,-0.027344,0.372495,,0.000000,0.000000,reached
1144.400,STOP,True,0,-0.027344,0.372495,,0.000000,0.000000,reached
1144.500,STOP,True,0,-0.027344,0.372495,,0.000000,0.000000,reached
1144.600,STOP,True,0,-0.027344,0.372495,,0.000000,0.000000,reached
1144.700,STOP,True,0,-0.027344,0.372495,,0.000000,0.000000,reached
1144.800,STOP,True,0,-0.027344,0.372495,,0.000000,0.000000,reached
1144.900,STOP,True,0,-0.027344,0.372495,,0.000000,0.000000,reached
1145.000,STOP,True,0,-0.027344,0.372495,,0.000000,0.000000,reached
1145.100,STOP,True,0,-0.027344,0.372495,,0.000000,0.000000,reached
1145.200,STOP,True,0,-0.027344,0.372495,,0.000000,0.000000,reached
1145.300,STOP,True,0,-0.027344,0.372495,,0.000000,0.000000,reached
1145.400,STOP,True,0,-0.027344,0.372495,,0.000000,0.000000,reached
1145.500,STOP,True,0,-0.027344,0.372495,,0.000000,0.000000,reached
1145.600,STOP,True,0,-0.027344,0.372651,,0.000000,0.000000,reached
1145.700,STOP,True,0,-0.027344,0.372495,,0.000000,0.000000,reached
1145.800,STOP,True,0,-0.027344,0.372495,,0.000000,0.000000,reached
1145.900,STOP,True,0,-0.027344,0.372495,,0.000000,0.000000,reached
1146.000,STOP,True,0,-0.027344,0.372495,,0.000000,0.000000,reached
1146.100,STOP,True,0,-0.027344,0.372495,,0.000000,0.000000,reached
1146.200,STOP,True,0,-0.027344,0.372495,,0.000000,0.000000,reached
1146.300,STOP,True,0,-0.027344,0.372495,,0.000000,0.000000,reached
1146.400,STOP,True,0,-0.027344,0.372495,,0.000000,0.000000,reached
1146.500,STOP,True,0,-0.027344,0.372495,,0.000000,0.000000,reached
1146.600,STOP,True,0,-0.027344,0.372495,,0.000000,0.000000,reached
1146.700,STOP,True,0,-0.027344,0.372495,,0.000000,0.000000,reached
1146.800,STOP,True,0,-0.027344,0.372495,,0.000000,0.000000,reached
1146.900,STOP,True,0,-0.027344,0.372495,,0.000000,0.000000,reached
1147.000,STOP,True,0,-0.027344,0.372495,,0.000000,0.000000,reached
1147.100,STOP,True,0,-0.027344,0.372495,,0.000000,0.000000,reached
1147.200,STOP,True,0,-0.028125,0.372199,,0.000000,0.000000,reached
1147.300,STOP,True,0,-0.027344,0.372495,,0.000000,0.000000,reached
1147.400,STOP,True,0,-0.027344,0.372495,,0.000000,0.000000,reached
1147.500,STOP,True,0,-0.027344,0.372495,,0.000000,0.000000,reached
1147.600,STOP,True,0,-0.027344,0.372495,,0.000000,0.000000,reached
1147.700,STOP,True,0,-0.027344,0.372495,,0.000000,0.000000,reached
1147.800,STOP,True,0,-0.027344,0.372495,,0.000000,0.000000,reached
1147.900,STOP,True,0,-0.027344,0.372651,,0.000000,0.000000,reached
1148.000,STOP,True,0,-0.027344,0.372495,,0.000000,0.000000,reached
1148.100,STOP,True,0,-0.027344,0.372495,,0.000000,0.000000,reached
1148.200,STOP,True,0,-0.027344,0.372651,,0.000000,0.000000,reached
1148.300,STOP,True,0,-0.027344,0.372495,,0.000000,0.000000,reached
1148.400,STOP,True,0,-0.028125,0.372389,,0.000000,0.000000,reached
1148.500,STOP,True,0,-0.027344,0.372651,,0.000000,0.000000,reached
1148.600,STOP,True,0,-0.027344,0.372651,,0.000000,0.000000,reached
1148.700,STOP,True,0,-0.028125,0.372389,,0.000000,0.000000,reached
1148.800,STOP,True,0,-0.027344,0.372651,,0.000000,0.000000,reached
1148.900,STOP,True,0,-0.027344,0.372495,,0.000000,0.000000,reached
1149.000,STOP,True,0,-0.027344,0.372495,,0.000000,0.000000,reached
1149.100,STOP,True,0,-0.027344,0.372651,,0.000000,0.000000,reached
1149.200,STOP,True,0,-0.027344,0.372495,,0.000000,0.000000,reached
1149.300,STOP,True,0,-0.027344,0.372495,,0.000000,0.000000,reached
1149.400,STOP,True,0,-0.027344,0.372651,,0.000000,0.000000,reached
1149.500,STOP,True,0,-0.027344,0.372495,,0.000000,0.000000,reached
1149.600,STOP,True,0,-0.027344,0.372495,,0.000000,0.000000,reached
1149.700,STOP,True,0,-0.027344,0.372651,,0.000000,0.000000,reached
1149.800,STOP,True,0,-0.028125,0.372389,,0.000000,0.000000,reached
1149.900,STOP,True,0,-0.027344,0.372495,,0.000000,0.000000,reached
1150.000,STOP,True,0,-0.027344,0.372651,,0.000000,0.000000,reached
1150.100,STOP,True,0,-0.028125,0.372389,,0.000000,0.000000,reached
